{"Name":"Emilie M. Cole","firstName":"Emilie","lastName":"Cole","Address":"2123 Douglas Dairy Road\nMartinsville, VA 24112","MotherMaidenName":"Wade","SSN":"224-34-XXXX","geoPoints":"36.693393, -79.893316","PhoneNumber":"276-618-1069","Birthday":"February 10, 1939","Age":"83 years old","Zodiac":"Aquarius","Email":"EmilieMCole@rhyta.com","gmail":"kannadanna1450@gmail.com","gmailPass":"kannadanna2311","Username":"Cortuld","Password":"oayee4Quee","BrowserAgent":"Mozilla/5.0 (Windows NT 10.0; Win64; x64) AppleWebKit/537.36 (KHTML, like Gecko) Chrome/74.0.3729.157 Safari/537.36","DEBITCARD":"4556 6951 2765 0742","cardExpiry":"5/2027","CVV":"830","Occupation":"Meter reader","Height":"5' 2\" (158 centimeters)","Weight":"136.2 pounds (61.9 kilograms)","BloodType":"A+","Vehicle":"2010 Fiat Strada","GUID":"08134ec7-f325-455b-a569-8fc637bacff1"}