[
    {
        "User Input": "\"kulwinder\"",
        "Google Images": "https://www.google.com/search?tbm=isch&q=\"kulwinder\"",
        "Videos": "https://www.google.com/search?tbm=vid&q=\"kulwinder\"",
        "Title": "Kulwinder Billa (Official Video) The Boss | Latest Punjabi Songs 2022",
        "Link": "https://www.youtube.com/watch%3Fv%3DJWEkWMuPqPQ",
        "Website": "www.youtube.com"
    },
    {
        "User Input": "\"kulwinder\"",
        "Google Images": "https://www.google.com/search?tbm=isch&q=\"kulwinder\"",
        "Videos": "https://www.google.com/search?tbm=vid&q=\"kulwinder\"",
        "Title": "Uche Uche Paunche (Full Video) - Latest Punjabi Song 2022",
        "Link": "https://www.youtube.com/watch%3Fv%3DWkv87-XY7zc",
        "Website": "www.youtube.com"
    },
    {
        "User Input": "\"kulwinder\"",
        "Google Images": "https://www.google.com/search?tbm=isch&q=\"kulwinder\"",
        "Videos": "https://www.google.com/search?tbm=vid&q=\"kulwinder\"",
        "Title": "ADORE YOU (Official Video) Kulwinder Billa | Latest Punjabi Songs ...",
        "Link": "https://www.youtube.com/watch%3Fv%3DzEnLwKItBDE",
        "Website": "www.youtube.com"
    },
    {
        "User Input": "\"kulwinder\"",
        "Google Images": "https://www.google.com/search?tbm=isch&q=\"kulwinder\"",
        "Videos": "https://www.google.com/search?tbm=vid&q=\"kulwinder\"",
        "Title": "Chette Aundi Tu - Kulwinder Billa | Mandy Takhar | Shipra Goyal",
        "Link": "https://www.youtube.com/watch%3Fv%3DE21FPIsgfng",
        "Website": "www.youtube.com"
    },
    {
        "User Input": "\"kulwinder\"",
        "Google Images": "https://www.google.com/search?tbm=isch&q=\"kulwinder\"",
        "Videos": "https://www.google.com/search?tbm=vid&q=\"kulwinder\"",
        "Title": "Kulwinder Billa - Wikipedia",
        "Link": "https://en.wikipedia.org/wiki/Kulwinder_Billa",
        "Website": "en.wikipedia.org"
    },
    {
        "User Input": "\"kulwinder\"",
        "Google Images": "https://www.google.com/search?tbm=isch&q=\"kulwinder\"",
        "Videos": "https://www.google.com/search?tbm=vid&q=\"kulwinder\"",
        "Title": "Best of Kulwinder Billa Playlist - Only the Best Songs! @WynkMusic",
        "Link": "https://wynk.in/music/playlist/best-of-kulwinder-billa/bb_1466489893691",
        "Website": "wynk.in"
    },
    {
        "User Input": "\"kulwinder\"",
        "Google Images": "https://www.google.com/search?tbm=isch&q=\"kulwinder\"",
        "Videos": "https://www.google.com/search?tbm=vid&q=\"kulwinder\"",
        "Title": "Kulwinder Kally (@kulwinder_kally) \u2022 Instagram photos and videos",
        "Link": "https://www.instagram.com/kulwinder_kally/%3Futm_source%3Dig_embed%26hl%3Den",
        "Website": "www.instagram.com"
    },
    {
        "User Input": "\"kulwinder\"",
        "Google Images": "https://www.google.com/search?tbm=isch&q=\"kulwinder\"",
        "Videos": "https://www.google.com/search?tbm=vid&q=\"kulwinder\"",
        "Title": "Kulwinder Billa - Home | Facebook",
        "Link": "https://www.facebook.com/KulwinderBillaOfficial/",
        "Website": "www.facebook.com"
    },
    {
        "User Input": "\"kulwinder\"",
        "Google Images": "https://www.google.com/search?tbm=isch&q=\"kulwinder\"",
        "Videos": "https://www.google.com/search?tbm=vid&q=\"kulwinder\"",
        "Title": "Kulwinder Kaur - Google Scholar",
        "Link": "https://scholar.google.co.in/citations%3Fuser%3D_d50adAAAAAJ%26hl%3Den",
        "Website": "scholar.google.co.in"
    },
    {
        "User Input": "\"kulwinder\"",
        "Google Images": "https://www.google.com/search?tbm=isch&q=\"kulwinder\"",
        "Videos": "https://www.google.com/search?tbm=vid&q=\"kulwinder\"",
        "Title": "Kulwinder Billa - IMDb",
        "Link": "https://www.imdb.com/name/nm9449729/",
        "Website": "www.imdb.com"
    }
]