[
    {
        "subreddit": "r/hinduism",
        "user": "u/CwazzyNR",
        "title": "My dad put a picture of Hanuman in my room",
        "upvotes": "40",
        "comments": "53",
        "awards": "0"
    },
    {
        "subreddit": "r/hinduism",
        "user": "u/NaveenDurgaraju",
        "title": "Hanuman lifts Sanjeevani mountain",
        "upvotes": "974",
        "comments": "57",
        "awards": "9"
    },
    {
        "subreddit": "r/hinduism",
        "user": "u/Eastern_Roman_Empire",
        "title": "Happy Saturday to the community! May Lord Hanuman bless us all!",
        "upvotes": "705",
        "comments": "22",
        "awards": "0"
    },
    {
        "subreddit": "r/IndiaSpeaks",
        "user": "u/Reviving_India",
        "title": "Hanuman Jayanti Today \ud83d\ude4f",
        "upvotes": "1.1k",
        "comments": "21",
        "awards": "1 award"
    },
    {
        "subreddit": "r/hinduism",
        "user": "u/DuhItsNifty",
        "title": "100,008 Vadas tied as Garlands for Namakkal Hanuman, on the occasion of Hanuman Jayanthi in Tamil Nadu.",
        "upvotes": "519",
        "comments": "23",
        "awards": "0"
    },
    {
        "subreddit": "r/hinduism",
        "user": "u/nikhilmishra_art",
        "title": "hanuman ji Digital art",
        "upvotes": "408",
        "comments": "13",
        "awards": "3"
    },
    {
        "subreddit": "r/IndiaSpeaks",
        "user": "u/shanuu17",
        "title": "I can't believe this is Anurag Kashyap Directed movie \"Return of Hanuman\"",
        "upvotes": "795",
        "comments": "58",
        "awards": "0"
    },
    {
        "subreddit": "r/Sham_Sharma_Show",
        "user": "u/Akash_Raj_5979",
        "title": "sare jai hanuman ji likhe \ud83e\udd2b",
        "upvotes": "1.1k",
        "comments": "62",
        "awards": "0"
    },
    {
        "subreddit": "r/bollywood",
        "user": "u/The_Maskinilover",
        "title": "Thus scene gave me goosebumps as a child. Movie: Hanuman (animated) 2005",
        "upvotes": "213",
        "comments": "20",
        "awards": "0"
    },
    {
        "subreddit": "r/IndiaSpeaks",
        "user": "u/Shashi_tharooor_7",
        "title": "Hanuman Mandir Demolished by Rajasthan Congress Goverment | AbuRoad, Rajasthan | Those who protested were beaten badly.",
        "upvotes": "626",
        "comments": "69",
        "awards": "2"
    },
    {
        "subreddit": "r/Sham_Sharma_Show",
        "user": "u/Cloudinmyhand",
        "title": "Congress govt in Rajasthan demolishes Hanuman Mandir at Abu. Lathi charged and detained all Hindu protestors.",
        "upvotes": "460",
        "comments": "80",
        "awards": "0"
    },
    {
        "subreddit": "r/Sham_Sharma_Show",
        "user": "u/shanuu17",
        "title": "Return of Hanuman Directed By Anurag Kashyap...What are your views on this?",
        "upvotes": "599",
        "comments": "30",
        "awards": "0"
    },
    {
        "subreddit": "r/tollywood",
        "user": "u/Pretty_Parsnip3688",
        "title": "Teja Sajja - Prashanth Varma's film \"HANUMAN\" teaser out now",
        "upvotes": "133",
        "comments": "89",
        "awards": "0"
    },
    {
        "subreddit": "r/mythology",
        "user": "u/private_loser_",
        "title": "What are your views on the Hanuman - Wukong theory. (For those who don't know, there's a theory that Hanuman, being immortal, got bored, decided to medicate, became stone and the stone broke and monkey King came out, which is believable as they have many similarities)",
        "upvotes": "59",
        "comments": "26",
        "awards": "0"
    },
    {
        "subreddit": "r/tollywood",
        "user": "u/Naren_Baradwaj123",
        "title": "Hanuman movie team is shooting a big underwater sequence",
        "upvotes": "55",
        "comments": "22",
        "awards": "0"
    },
    {
        "subreddit": "r/TamilNadu",
        "user": "u/Reviving_India",
        "title": "Hanuman Jayanti Today \ud83d\ude4f",
        "upvotes": "102",
        "comments": "12",
        "awards": "0"
    },
    {
        "subreddit": "r/hinduism",
        "user": "u/Zulu_Borah99",
        "title": "Cried twice while chanting Hanuman Chalisa for the first time",
        "upvotes": "54",
        "comments": "9",
        "awards": "0"
    },
    {
        "subreddit": "r/hinduism",
        "user": "u/Eastern_Roman_Empire",
        "title": "The feeling you get after chanting Hanuman Chalisa :)",
        "upvotes": "252",
        "comments": "6",
        "awards": "1 award"
    },
    {
        "subreddit": "r/IndianDankMemes",
        "user": "u/CoachSouth8520",
        "title": "fuck it we listening to hanuman chalisa",
        "upvotes": "555",
        "comments": "45",
        "awards": "0"
    },
    {
        "subreddit": "r/bollywood",
        "user": "u/dontknowwhyiamhere23",
        "title": "Hanuman (2005) and The Return Of Hanuman (2007). Most of us would have watched these movies in childhood. What are your opinions on them?",
        "upvotes": "253",
        "comments": "107",
        "awards": "0"
    },
    {
        "subreddit": "r/dankrishu",
        "user": "u/-DevilBoy99",
        "title": "Hanuman Chalisa \ud83d\udea9\ud83d\udea9\ud83d\udea9\ud83d\udea9",
        "upvotes": "443",
        "comments": "17",
        "awards": "3"
    },
    {
        "subreddit": "r/hinduism",
        "user": "u/Eastern_Roman_Empire",
        "title": "Hanuman Chalisa improved my standing and walking posture.",
        "upvotes": "198",
        "comments": "22",
        "awards": "0"
    },
    {
        "subreddit": "r/indianews",
        "user": "u/GoneWithThePaad",
        "title": "Andhra: A person poured petrol and set fire to Deity Hanuman outside Ramalayam, located nearby railway gate, Kakinada, Achyutapuram. Locals caught him and snuffed the fire.",
        "upvotes": "99",
        "comments": "5",
        "awards": "0"
    },
    {
        "subreddit": "r/IndiaSpeaks",
        "user": "u/OcelotOk1744",
        "title": "Created AI art of Hanuman (Stable diffusion)",
        "upvotes": "161",
        "comments": "18",
        "awards": "0"
    },
    {
        "subreddit": "r/delhi",
        "user": "u/Delicious-Holiday564",
        "title": "Hanuman ji ki yaad aa gyi thi ise dekh ke aj",
        "upvotes": "51",
        "comments": "7",
        "awards": "0"
    }
]