[
    {
        "title": "Pokemon Scarlet and Violet Player Attempt to Catch Shiny Heracross is the Most Stressful Thing You Will See All Day",
        "text": "A Pokemon Scarlet and Violet fan showcases a video that shows them stressfully attempting to catch a Shiny version of Heracross.",
        "website": "Game Rant",
        "news-link": "https://gamerant.com/pokemon-scarlet-violet-player-attempt-catch-shiny-heracross-most-stressful-thing-you-will-see/",
        "image": "https://external-content.duckduckgo.com/iu/?u=https%3A%2F%2Fstatic0.gamerantimages.com%2Fwordpress%2Fwp-content%2Fuploads%2F2022%2F12%2Fpokemon-shiny-heracross.jpg&f=1&h=110&nofb=1&ipt=19a67de99e48fce8cc8b795131f965b0bacd59c3efb1f9abb0304f6400984256&ipo=news"
    },
    {
        "title": "Victorian dairy workers fight for industry-wide hot weather policies, including paid leave",
        "text": "As climate change leads to more days of extreme heat, dairy industry employees are calling on employers to standardise working conditions.",
        "website": "Australian Broadcasting Corporation",
        "news-link": "https://www.abc.net.au/news/2022-12-26/hot-weather-policies-dairy-workers-victoria-extreme-weather/101806794",
        "image": "https://external-content.duckduckgo.com/iu/?u=https%3A%2F%2Flive-production.wcms.abc-cdn.net.au%2F1a3d88cd05736ca9d8fae30187ba0ee1%3Fimpolicy%3Dwcms_crop_resize%26cropH%3D2268%26cropW%3D4032%26xPos%3D0%26yPos%3D378%26width%3D862%26height%3D485&f=1&h=110&nofb=1&ipt=4d7890d9b34491ef99601c09cd6eb13eeec6eb11e6d5291523b19c3f48467203&ipo=news"
    },
    {
        "title": "Is it better to use a mortgage broker or a bank to buy a home?",
        "text": "While both options can be used when sorting a house it is usually down to personal circustance for which one is the best option.",
        "website": "AS USA on MSN.com",
        "news-link": "https://www.msn.com/en-us/money/personalfinance/is-it-better-to-use-a-mortgage-broker-or-a-bank-to-buy-a-home/ar-AA15uWU4",
        "image": "https://external-content.duckduckgo.com/iu/?u=https%3A%2F%2Fimg-s-msn-com.akamaized.net%2Ftenant%2Famp%2Fentityid%2FAA15uMN3.img%3Fh%3D630%26w%3D1200%26m%3D6%26q%3D60%26o%3Dt%26l%3Df%26f%3Djpg&f=1&h=110&nofb=1&ipt=094c65c966a09e00b5b0d7b0e93fc8ad48a4d76c8d1328e651343b0ff4942447&ipo=news"
    },
    {
        "title": "Australia: Pampas workers rushed back to work after wage-cutting offer",
        "text": "A snap vote was held on the basis of assurances from the UWU bureaucracy that the company had upped its pay \"rise\" offer from 4 percent to 4.5 percent and agreed to offer permanent full-time positions to workers currently engaged as casuals.",
        "website": "World Socialist Web Site",
        "news-link": "https://www.wsws.org/en/articles/2022/12/21/ttif-d21.html"
    },
    {
        "title": "Car accident survivor finds love with someone who makes her feel like a 'normal person' despite her disability",
        "text": "The couple met seven years ago after Ling got into a horrific car accident that snapped her spinal cord and left her wheelchair-bound. She lost all sensation in her lower body and is now faced with difficulties doing everyday things like getting to work and taking a shower.",
        "website": "Mothership.sg",
        "news-link": "https://mothership.sg/2022/12/spinal-cord-injury-car-crash-survivor-finds-love/",
        "image": "https://external-content.duckduckgo.com/iu/?u=https%3A%2F%2Fstatic.mothership.sg%2F1%2F2022%2F12%2Fjeanling-cover.png&f=1&h=110&nofb=1&ipt=482a46f9468695903ac046161ee0aafb5fce36e9db94800e0eed94b63b378817&ipo=news"
    },
    {
        "title": "'Tokyo Revengers' Season 2 Is Coming Out And I Am Scream Crying With Joy",
        "text": "I have it on good authority that Season 2 is coming out January 7, 2023. Whose authority? God's. Anime is my God, He spoke through the Twitter account of Tomen anime and confirmed that the second season would be out this winter.",
        "website": "The Mary Sue on MSN.com",
        "news-link": "https://www.msn.com/en-us/news/world/tokyo-revengers-season-2-is-coming-out-and-i-am-scream-crying-with-joy/ar-AA15x8Kb",
        "image": "https://external-content.duckduckgo.com/iu/?u=https%3A%2F%2Fimg-s-msn-com.akamaized.net%2Ftenant%2Famp%2Fentityid%2FAA15x7ew.img%3Fh%3D630%26w%3D1200%26m%3D6%26q%3D60%26o%3Dt%26l%3Df%26f%3Djpg&f=1&h=110&nofb=1&ipt=1762836a82df1ad3ab82dfb89678704359cd37ad540d022f06069027c0b6824b&ipo=news"
    },
    {
        "title": "NT Government could be 'complicit' in a death in custody if overcrowding, heat stress not addressed, experts warn",
        "text": "Alice Springs Correctional Centre operations have been compared to the Taliban's treatment of prisoners, as experts warn overcrowding, heatwaves, and assaults could end in a death in custody.",
        "website": "The Toowoomba Chronicle",
        "news-link": "https://www.thechronicle.com.au/news/nt-government-could-be-complicit-in-a-death-in-custody-if-overcrowding-heat-stress-not-addressed-experts-warn/news-story/47cd497233fd769c3614216416ef715d",
        "image": "https://external-content.duckduckgo.com/iu/?u=https%3A%2F%2Fcontent.api.news%2Fv3%2Fimages%2Fbin%2F03f21ce7326291f02de7f1896bdffea7&f=1&h=110&nofb=1&ipt=432389a8b0dc0ad3d5a1e2c314ea6c2872a7249e23912543d821f350729a0649&ipo=news"
    },
    {
        "title": "Australia: Victorian Socialists cover for union sell-out at Pampas",
        "text": "The endorsement by the pseudo-left of the wage-slashing deal at Pampas demonstrates their role as an adjunct and defender of the union bureaucracy and its attacks against workers.",
        "website": "World Socialist Web Site",
        "news-link": "https://www.wsws.org/en/articles/2022/12/23/ognh-d23.html"
    },
    {
        "title": "Oklahoma City man charged with two deaths after hit-and-run",
        "text": "The affidavit claimed when Antonio Mitchell's blood was tested, he tested positive for alcohol, amphetamine and marijuana.",
        "website": "Fox 23",
        "news-link": "https://www.fox23.com/news/oklahoma-city-man-charged-with-two-deaths-after-hit-and-run/FGHXTSIOSRHMVOTMCVIJOS4UWU/",
        "image": "https://external-content.duckduckgo.com/iu/?u=https%3A%2F%2Fcmg-cmg-tv-10100-prod.cdn.arcpublishing.com%2Fresizer%2FetTyFNy_x9RexkYlg8B3yPd7lHE%3D%2F1440x810%2Ffilters%3Aformat(jpg)%3Aquality(70)%2Fcloudfront-us-east-1.images.arcpublishing.com%2Fcmg%2FUGBFWAJFORDTDIIAXWDOJML4NQ.jpg&f=1&h=110&nofb=1&ipt=fae774243f1dfa1dbe784bf69e93461353cf0b68ed2bdab9e83b0c78c1379022&ipo=news"
    },
    {
        "title": "Concerns for Alice Springs prison officers' mental health as report reveals impact of staffing crisis",
        "text": "With record inmate numbers and an exhausted workforce, staff at this outback prison say they feel unsafe, overworked and undervalued.",
        "website": "Australian Broadcasting Corporation",
        "news-link": "https://www.abc.net.au/news/2022-12-22/alice-springs-prison-staff-shortages-united-workers-union-report/101798130",
        "image": "https://external-content.duckduckgo.com/iu/?u=https%3A%2F%2Flive-production.wcms.abc-cdn.net.au%2F24a7d150f00da51f3379b38520fe5d2b%3Fimpolicy%3Dwcms_crop_resize%26cropH%3D2250%26cropW%3D4000%26xPos%3D0%26yPos%3D0%26width%3D862%26height%3D485&f=1&h=110&nofb=1&ipt=44476a9c7ced628e4a138ed9ef8975d9cc8bf471aedb2dc277fdaa45add6aef4&ipo=news"
    },
    {
        "title": "Opinion Josh Zimmerman: McGowan playing gender card raises questions about merit",
        "text": "If you believe Premier Mark McGowan, the Cabinet he will take to the next election in 2025 has now been settled.",
        "website": "The West Australian",
        "news-link": "https://thewest.com.au/opinion/opinion-josh-zimmerman-mcgowan-playing-gender-card-raises-questions-about-merit-c-9209461"
    },
    {
        "title": "We have powers to probe state finances, EFCC insists",
        "text": "THE Economic and Financial Crimes Commission (EFCC) on Monday said it has pow- ers to probe state finances, adding that a Senior Advo- cate of Nigeria",
        "website": "Nigerian Tribune",
        "news-link": "https://tribuneonlineng.com/we-have-powers-to-probe-state-finances-efcc-insists/",
        "image": "https://external-content.duckduckgo.com/iu/?u=https%3A%2F%2Ftribuneonlineng.com%2Fwp-content%2Fuploads%2F2017%2F06%2FEFCC-1.jpg&f=1&h=110&nofb=1&ipt=5b116a34de38ea12235734e166d419ac31c6f462c54ff06f06596281473310a4&ipo=news"
    }
]