{
  "AdobeForums": {
    "errorType": "status_code",
    "url": "https://forums.adobe.com/people/{}",
    "urlMain": "https://forums.adobe.com/",
    "username_claimed": "jack",
    "username_unclaimed": "noonewouldeverusethis77777"
  },
  "AngelList": {
    "errorType": "status_code",
    "url": "https://angel.co/u/{}",
    "urlMain": "https://angel.co/",
    "username_claimed": "blue",
    "username_unclaimed": "noonewouldeverusethis7"
  },
  "Basecamp": {
    "errorMsg": "The account you were looking for doesn't exist",
    "errorType": "message",
    "url": "https://{}.basecamphq.com",
    "urlMain": "https://basecamp.com/",
    "username_claimed": "blue",
    "username_unclaimed": "noonewouldeverusethis7"
  },
  "BlackPlanet": {
    "errorMsg": "My Hits",
    "errorType": "message",
    "url": "http://blackplanet.com/{}",
    "urlMain": "http://blackplanet.com/"
  },
  "Canva": {
    "errorType": "response_url",
    "errorUrl": "https://www.canva.com/{}",
    "url": "https://www.canva.com/{}",
    "urlMain": "https://www.canva.com/",
    "username_claimed": "jenny",
    "username_unclaimed": "xgtrq"
  },
  "Codementor": {
    "errorType": "status_code",
    "url": "https://www.codementor.io/@{}",
    "urlMain": "https://www.codementor.io/",
    "username_claimed": "blue",
    "username_unclaimed": "noonewouldeverusethis7"
  },
  "EVE Online": {
    "errorType": "response_url",
    "errorUrl": "https://eveonline.com",
    "url": "https://evewho.com/pilot/{}/",
    "urlMain": "https://eveonline.com",
    "username_claimed": "blue",
    "username_unclaimed": "noonewouldeverusethis7"
  },
  "fanpop": {
    "errorType": "response_url",
    "errorUrl": "http://www.fanpop.com/",
    "url": "http://www.fanpop.com/fans/{}",
    "urlMain": "http://www.fanpop.com/",
    "username_claimed": "blue",
    "username_unclaimed": "noonewould_everusethis7"
  },
  "Fotolog": {
    "errorType": "status_code",
    "url": "https://fotolog.com/{}",
    "urlMain": "https://fotolog.com/"
  },
  "Foursquare": {
    "errorType": "status_code",
    "url": "https://foursquare.com/{}",
    "urlMain": "https://foursquare.com/",
    "username_claimed": "dens",
    "username_unclaimed": "noonewouldeverusethis7"
  },
  "gpodder.net": {
    "errorType": "status_code",
    "url": "https://gpodder.net/user/{}",
    "urlMain": "https://gpodder.net/",
    "username_claimed": "blue",
    "username_unclaimed": "noonewouldeverusethis7"
  },
  "Investing.com": {
    "errorType": "status_code",
    "url": "https://www.investing.com/traders/{}",
    "urlMain": "https://www.investing.com/",
    "username_claimed": "jenny",
    "username_unclaimed": "noonewouldeverusethis7"
  },
  "Khan Academy": {
    "errorType": "status_code",
    "url": "https://www.khanacademy.org/profile/{}",
    "urlMain": "https://www.khanacademy.org/",
    "username_claimed": "blue",
    "username_unclaimed": "noonewouldeverusethis7"
  },
  "KiwiFarms": {
    "errorMsg": "The specified member cannot be found",
    "errorType": "message",
    "url": "https://kiwifarms.net/members/?username={}",
    "urlMain": "https://kiwifarms.net/",
    "username_claimed": "blue",
    "username_unclaimed": "noonewouldeverusethis"
  },
  "Linkedin": {
    "errorMsg": "could not be found",
    "errorType": "message",
    "url": "https://www.linkedin.com/in/{}",
    "urlMain": "https://www.linkedin.com/",
    "username_claimed": "alex",
    "username_unclaimed": "noonewouldeverusethis7"
  },
  "NPM-Package": {
    "errorType": "status_code",
    "url": "https://www.npmjs.com/package/{}",
    "urlMain": "https://www.npmjs.com/",
    "username_claimed": "blue",
    "username_unclaimed": "noonewouldeverusethis7"
  },
  "Pexels": {
    "errorType": "status_code",
    "url": "https://www.pexels.com/@{}",
    "urlMain": "https://www.pexels.com/",
    "username_claimed": "bruno",
    "username_unclaimed": "noonewouldeverusethis7"
  },
  "Pixabay": {
    "errorType": "status_code",
    "url": "https://pixabay.com/en/users/{}",
    "urlMain": "https://pixabay.com/",
    "username_claimed": "blue",
    "username_unclaimed": "noonewouldeverusethis7"
  },
  "PowerShell Gallery": {
    "errorType": "status_code",
    "url": "https://www.powershellgallery.com/profiles/{}",
    "urlMain": "https://www.powershellgallery.com",
    "username_claimed": "powershellteam",
    "username_unclaimed": "noonewouldeverusethis7"
  },
  "RamblerDating": {
    "errorType": "response_url",
    "errorUrl": "https://dating.rambler.ru/page/{}",
    "url": "https://dating.rambler.ru/page/{}",
    "urlMain": "https://dating.rambler.ru/",
    "username_claimed": "blue",
    "username_unclaimed": "noonewouldeverusethis7"
  },
  "Shockwave": {
    "errorMsg": "Oh no! You just finished all of the games on the internet!",
    "errorType": "message",
    "url": "http://www.shockwave.com/member/profiles/{}.jsp",
    "urlMain": "http://www.shockwave.com/",
    "username_claimed": "blue",
    "username_unclaimed": "noonewouldeverusethis"
  },
  "StreamMe": {
    "errorType": "status_code",
    "url": "https://www.stream.me/{}",
    "urlMain": "https://www.stream.me/",
    "username_claimed": "blue",
    "username_unclaimed": "noonewouldeverusethis7"
  },
  "Teknik": {
    "errorMsg": "The user does not exist",
    "errorType": "message",
    "url": "https://user.teknik.io/{}",
    "urlMain": "https://teknik.io/",
    "username_claimed": "red",
    "username_unclaimed": "noonewouldeverusethis7"
  },
  "YandexMarket": {
    "errorMsg": "\u0422\u0443\u0442 \u043d\u0438\u0447\u0435\u0433\u043e \u043d\u0435\u0442",
    "errorType": "message",
    "url": "https://market.yandex.ru/user/{}/achievements",
    "urlMain": "https://market.yandex.ru/",
    "username_claimed": "blue",
    "username_unclaimed": "noonewouldeverusethis7"
  },
  "Insanejournal": {
    "errorMsg": "Unknown user",
    "errorType": "message",
    "url": "http://{}.insanejournal.com/profile",
    "urlMain": "insanejournal.com",
    "username_claimed": "blue",
    "username_unclaimed": "dlyr6cd"
  },
  "Trip": {
      "errorType": "status_code",
      "url": "https://www.trip.skyscanner.com/user/{}",
      "urlMain": "https://www.trip.skyscanner.com/",
      "username_claimed": "blue",
      "username_unclaimed": "noonewouldeverusethis7"
  },
  "SportsTracker": {
     "errorUrl": "https://www.sports-tracker.com/page-not-found",
     "errorType": "response_url",
     "url": "https://www.sports-tracker.com/view_profile/{}",
     "urlMain": "https://www.sports-tracker.com/",
     "username_claimed": "blue",
     "username_unclaimed": "noonewouldeveruse"
  },
  "boingboing.net": {
     "errorType": "status_code",
     "url": "https://bbs.boingboing.net/u/{}",
     "urlMain": "https://boingboing.net/",
     "username_claimed": "admin",
     "username_unclaimed": "noonewouldeverusethis7"
  },
  "elwoRU": {
    "errorMsg": "\u041f\u043e\u043b\u044c\u0437\u043e\u0432\u0430\u0442\u0435\u043b\u044c \u043d\u0435 \u043d\u0430\u0439\u0434\u0435\u043d",
    "errorType": "message",
    "url": "https://elwo.ru/index/8-0-{}",
    "urlMain": "https://elwo.ru/",
    "username_claimed": "red",
    "username_unclaimed": "noonewouldeverusethis7"
  },
  "ingvarr.net.ru": {
    "errorMsg": "\u041f\u043e\u043b\u044c\u0437\u043e\u0432\u0430\u0442\u0435\u043b\u044c \u043d\u0435 \u043d\u0430\u0439\u0434\u0435\u043d",
    "errorType": "message",
    "url": "http://ingvarr.net.ru/index/8-0-{}",
    "urlMain": "http://ingvarr.net.ru/",
    "username_claimed": "red",
    "username_unclaimed": "noonewouldeverusethis7"
  },
  "Redsun.tf": {
    "errorMsg": "The specified member cannot be found",
    "errorType": "message",
    "url": "https://forum.redsun.tf/members/?username={}",
    "urlMain": "https://redsun.tf/",
    "username_claimed": "dan",
    "username_unclaimed": "noonewouldeverusethis"
  },
  "CreativeMarket": {
    "errorType": "status_code",
    "url": "https://creativemarket.com/users/{}",
    "urlMain": "https://creativemarket.com/",
    "username_claimed": "blue",
    "username_unclaimed": "noonewouldeverusethis7"
  },
  "pvpru": {
    "errorType": "status_code",
    "url": "https://pvpru.com/board/member.php?username={}&tab=aboutme#aboutme",
    "urlMain": "https://pvpru.com/",
    "username_claimed": "blue",
    "username_unclaimed": "noonewouldeverusethis7"
  },
  "easyen": {
    "errorMsg": "\u041f\u043e\u043b\u044c\u0437\u043e\u0432\u0430\u0442\u0435\u043b\u044c \u043d\u0435 \u043d\u0430\u0439\u0434\u0435\u043d",
    "errorType": "message",
    "url": "https://easyen.ru/index/8-0-{}",
    "urlMain": "https://easyen.ru/",
    "username_claimed": "wd",
    "username_unclaimed": "noonewouldeverusethis7"
  },
  "pedsovet": {
    "errorMsg": "\u041f\u043e\u043b\u044c\u0437\u043e\u0432\u0430\u0442\u0435\u043b\u044c \u043d\u0435 \u043d\u0430\u0439\u0434\u0435\u043d",
    "errorType": "message",
    "url": "http://pedsovet.su/index/8-0-{}",
    "urlMain": "http://pedsovet.su/",
    "username_claimed": "blue",
    "username_unclaimed": "noonewouldeverusethis7"
  },
  "radioskot": {
    "errorMsg": "\u041f\u043e\u043b\u044c\u0437\u043e\u0432\u0430\u0442\u0435\u043b\u044c \u043d\u0435 \u043d\u0430\u0439\u0434\u0435\u043d",
    "errorType": "message",
    "url": "https://radioskot.ru/index/8-0-{}",
    "urlMain": "https://radioskot.ru/",
    "username_claimed": "red",
    "username_unclaimed": "noonewouldeverusethis7"
  },
  "Coderwall": {
    "errorMsg": "404! Our feels when that url is used",
    "errorType": "message",
    "url": "https://coderwall.com/{}",
    "urlMain": "https://coderwall.com/",
    "username_claimed": "jenny",
    "username_unclaimed": "noonewouldeverusethis7"
  },
  "TamTam": {
    "errorType": "response_url",
    "errorUrl": "https://tamtam.chat/",
    "url": "https://tamtam.chat/{}",
    "urlMain": "https://tamtam.chat/",
    "username_claimed": "blue",
    "username_unclaimed": "noonewouldeverusethis7"
  },
  "Zomato": {
    "errorType": "status_code",
    "headers": {
      "Accept-Language": "en-US,en;q=0.9"
    },
    "url": "https://www.zomato.com/pl/{}/foodjourney",
    "urlMain": "https://www.zomato.com/",
    "username_claimed": "deepigoyal",
    "username_unclaimed": "noonewouldeverusethis7"
  },
  "mixer.com": {
    "errorType": "status_code",
    "url": "https://mixer.com/{}",
    "urlMain": "https://mixer.com/",
    "urlProbe": "https://mixer.com/api/v1/channels/{}",
    "username_claimed": "blue",
    "username_unclaimed": "noonewouldeverusethis7"
  },
  "KanoWorld": {
    "errorType": "status_code",
    "url": "https://api.kano.me/progress/user/{}",
    "urlMain": "https://world.kano.me/",
    "username_claimed": "blue",
    "username_unclaimed": "noonewouldeverusethis7"
  },
  "YandexCollection": {
    "errorType": "status_code",
    "url": "https://yandex.ru/collections/user/{}/",
    "urlMain": "https://yandex.ru/collections/",
    "username_claimed": "blue",
    "username_unclaimed": "noonewouldeverusethis7"
  },
  "PayPal": {
    "errorMsg": "<meta name=\"twitter:title\" content=\"Get your very own PayPal.Me link\" />",
    "errorType": "message",
    "url": "https://www.paypal.com/paypalme/{}",
    "headers": {
      "User-Agent": ""
    },
    "urlMain": "https://www.paypal.me/",
    "username_claimed": "blue",
    "username_unclaimed": "noneownsthisusername7"
  },
  "ImageShack": {
    "errorType": "response_url",
    "errorUrl": "https://imageshack.us/",
    "url": "https://imageshack.us/user/{}",
    "urlMain": "https://imageshack.us/",
    "username_claimed": "blue",
    "username_unclaimed": "noonewouldeverusethis7"
  },
  "Aptoide": {
    "errorType": "status_code",
    "url": "https://{}.en.aptoide.com/",
    "urlMain": "https://en.aptoide.com/",
    "username_claimed": "blue",
    "username_unclaimed": "noonewouldeverusethis7"
  },
  "Crunchyroll": {
    "errorType": "status_code",
    "url": "https://www.crunchyroll.com/user/{}",
    "urlMain": "https://www.crunchyroll.com/",
    "username_claimed": "blue",
    "username_unclaimed": "noonewouldeverusethis7"
  },
  "T-MobileSupport": {
    "errorType": "status_code",
    "url": "https://support.t-mobile.com/people/{}",
    "urlMain": "https://support.t-mobile.com",
    "username_claimed": "blue",
    "username_unclaimed": "noonewouldeverusethis7"
  },
  "OpenCollective": {
    "errorType": "status_code",
    "url": "https://opencollective.com/{}",
    "urlMain": "https://opencollective.com/",
    "username_claimed": "sindresorhus",
    "username_unclaimed": "noonewouldeverusethis7"
  },
  "SegmentFault": {
    "errorType": "status_code",
    "url": "https://segmentfault.com/u/{}",
    "urlMain": "https://segmentfault.com/",
    "username_claimed": "bule",
    "username_unclaimed": "noonewouldeverusethis7"
  },
  "Viadeo": {
    "errorType": "status_code",
    "url": "http://fr.viadeo.com/en/profile/{}",
    "urlMain": "http://fr.viadeo.com/en/",
    "username_claimed": "franck.patissier",
    "username_unclaimed": "noonewouldeverusethis"
  },
  "MeetMe": {
    "errorType": "response_url",
    "errorUrl": "https://www.meetme.com/",
    "url": "https://www.meetme.com/{}",
    "urlMain": "https://www.meetme.com/",
    "username_claimed": "blue",
    "username_unclaimed": "noonewouldeverusethis7"
  },
  "tracr.co": {
    "errorMsg": "No search results",
    "errorType": "message",
    "regexCheck": "^[A-Za-z0-9]{2,32}$",
    "url": "https://tracr.co/users/1/{}",
    "urlMain": "https://tracr.co/",
    "username_claimed": "blue",
    "username_unclaimed": "noonewouldeverusethis7"
  },
  "Taringa": {
    "errorType": "status_code",
    "regexCheck": "^[^.]*$",
    "url": "https://www.taringa.net/{}",
    "urlMain": "https://taringa.net/",
    "username_claimed": "blue",
    "username_unclaimed": "noonewouldeverusethis7"
  },
  "Photobucket": {
    "errorType": "status_code",
    "url": "https://photobucket.com/user/{}/library",
    "urlMain": "https://photobucket.com/",
    "username_claimed": "blue",
    "username_unclaimed": "noonewouldeverusethis7"
  },
  "4pda": {
    "errorMsg": "[1,false,0]",
    "errorType": "message",
    "url": "https://4pda.ru/forum/index.php?act=search&source=pst&noform=1&username={}",
    "urlMain": "https://4pda.ru/",
    "urlProbe": " https://4pda.ru/forum/index.php?act=auth&action=chkname&login={}",
    "username_claimed": "green",
    "username_unclaimed": "noonewouldeverusethis7"
  },
  "PokerStrategy": {
    "errorType": "status_code",
    "url": "http://www.pokerstrategy.net/user/{}/profile/",
    "urlMain": "http://www.pokerstrategy.net",
    "username_claimed": "blue",
    "username_unclaimed": "noonewouldeverusethis7"
  },
  "Filmogs": {
    "errorType": "status_code",
    "url": "https://www.filmo.gs/users/{}",
    "urlMain": "https://www.filmo.gs/",
    "username_claimed": "cupparober",
    "username_unclaimed": "noonewouldeverusethis7"
  },
  "500px": {
    "errorMsg": "No message available",
    "errorType": "message",
    "url": "https://500px.com/p/{}",
    "urlMain": "https://500px.com/",
    "urlProbe": "https://api.500px.com/graphql?operationName=ProfileRendererQuery&variables=%7B%22username%22%3A%22{}%22%7D&extensions=%7B%22persistedQuery%22%3A%7B%22version%22%3A1%2C%22sha256Hash%22%3A%224d02ff5c13927a3ac73b3eef306490508bc765956940c31051468cf30402a503%22%7D%7D",
    "username_claimed": "blue",
    "username_unclaimed": "noonewouldeverusethis7"
  },
  "Badoo": {
    "errorType": "status_code",
    "url": "https://badoo.com/profile/{}",
    "urlMain": "https://badoo.com/",
    "username_claimed": "blue",
    "username_unclaimed": "noonewouldeverusethis7"
  },
  "Pling": {
    "errorMsg": "Resource not found",
    "errorType": "message",
    "url": "https://www.pling.com/u/{}/",
    "urlMain": "https://www.pling.com/",
    "username_claimed": "blue",
    "username_unclaimed": "noonewouldeverusethis"
  },
  "Realmeye": {
    "errorMsg": "Sorry, but we either:",
    "errorType": "message",
    "url": "https://www.realmeye.com/player/{}",
    "urlMain": "https://www.realmeye.com/",
    "username_claimed": "blue",
    "username_unclaimed": "noonewouldeverusethis7"
  },
  "Travellerspoint": {
    "errorMsg": "Wooops. Sorry!",
    "errorType": "message",
    "url": "https://www.travellerspoint.com/users/{}",
    "urlMain": "https://www.travellerspoint.com",
    "username_claimed": "blue",
    "username_unclaimed": "noonewouldeverusethis7"
  },
  "GDProfiles": {
    "errorType": "status_code",
    "url": "https://gdprofiles.com/{}",
    "urlMain": "https://gdprofiles.com/",
    "username_claimed": "blue",
    "username_unclaimed": "noonewouldeverusethis"
  },
  "AllTrails": {
    "errorMsg": "class=\"home index\"",
    "errorType": "message",
    "url": "https://www.alltrails.com/members/{}",
    "urlMain": "https://www.alltrails.com/",
    "username_claimed": "blue",
    "username_unclaimed": "noonewouldeverusethis"
  },
  "Cent": {
    "errorMsg": "<title>Cent</title>",
    "errorType": "message",
    "url": "https://beta.cent.co/@{}",
    "urlMain": "https://cent.co/",
    "username_claimed": "blue",
    "username_unclaimed": "noonewouldeverusethis7"
  },
  "Anobii": {
    "errorType": "response_url",
    "url": "https://www.anobii.com/{}/profile",
    "urlMain": "https://www.anobii.com/",
    "username_claimed": "blue",
    "username_unclaimed": "noonewouldeverusethis7"
  },
  "Kali community": {
    "errorMsg": "This user has not registered and therefore does not have a profile to view.",
    "errorType": "message",
    "url": "https://forums.kali.org/member.php?username={}",
    "urlMain": "https://forums.kali.org/",
    "username_claimed": "blue",
    "username_unclaimed": "noonewouldeverusethis7"
  },
  "NameMC (Minecraft.net skins)": {
    "errorMsg": "Profiles: 0 results",
    "errorType": "message",
    "url": "https://namemc.com/profile/{}",
    "urlMain": "https://namemc.com/",
    "username_claimed": "blue",
    "username_unclaimed": "noonewouldeverusethis7"
  },
  "Steamid": {
    "errorMsg": "<link rel=\"canonical\" href=\"https://steamid.uk\" />",
    "errorType": "message",
    "url": "https://steamid.uk/profile/{}",
    "urlMain": "https://steamid.uk/",
    "username_claimed": "blue",
    "username_unclaimed": "noonewouldeverusethis7"
  },
  "TripAdvisor": {
    "errorMsg": "This page is on vacation\u2026",
    "errorType": "message",
    "url": "https://tripadvisor.com/members/{}",
    "urlMain": "https://tripadvisor.com/",
    "username_claimed": "blue",
    "username_unclaimed": "noonewouldeverusethis7"
  },
  "House-Mixes.com": {
    "errorMsg": "Profile Not Found",
    "errorType": "message",
    "regexCheck": "^[a-zA-Z0-9]+(-[a-zA-Z0-9]+)*$",
    "url": "https://www.house-mixes.com/profile/{}",
    "urlMain": "https://www.house-mixes.com/",
    "username_claimed": "blue",
    "username_unclaimed": "noonewouldeverusethis7"
  },
  "Quora": {
    "errorMsg": "Page Not Found",
    "errorType": "message",
    "url": "https://www.quora.com/profile/{}",
    "urlMain": "https://www.quora.com/",
    "username_claimed": "Matt-Riggsby",
    "username_unclaimed": "noonewouldeverusethis7"
  },
  "SparkPeople": {
    "errorMsg": "We couldn't find that user",
    "errorType": "message",
    "url": "https://www.sparkpeople.com/mypage.asp?id={}",
    "urlMain": "https://www.sparkpeople.com",
    "username_claimed": "adam",
    "username_unclaimed": "noonewouldeverusethis7"
  },
  "Cloob": {
    "errorType": "status_code",
    "url": "https://www.cloob.com/name/{}",
    "urlMain": "https://www.cloob.com/",
    "username_claimed": "blue",
    "username_unclaimed": "noonewouldeverusethis7"
  },
  "1337x": {
    "errorMsg": "Bad Username",
    "errorType": "message",
    "url": "https://1337x.to/user/{}/",
    "urlMain": "https://1337x.to",
    "username_claimed": "TheMorozko",
    "username_unclaimed": "noonewouldeverusethis7"
  },
  "TM-Ladder": {
    "errorMsg": "player unknown or invalid",
    "errorType": "message",
    "url": "http://en.tm-ladder.com/{}_rech.php",
    "urlMain": "http://en.tm-ladder.com/index.php",
    "username_claimed": "blue",
    "username_unclaimed": "noonewouldeverusethis"
  },
  "plug.dj": {
    "errorType": "status_code",
    "url": "https://plug.dj/@/{}",
    "urlMain": "https://plug.dj/",
    "username_claimed": "plug-dj-rock",
    "username_unclaimed": "noonewouldeverusethis7"
  },
  "Facenama": {
    "errorType": "response_url",
    "errorUrl": "https://facenama.com/404.html",
    "regexCheck": "^[-a-zA-Z0-9_]+$",
    "url": "https://facenama.com/{}",
    "urlMain": "https://facenama.com/",
    "username_claimed": "blue",
    "username_unclaimed": "noonewouldeverusethis77"
  },
  "Designspiration": {
    "errorType": "status_code",
    "url": "https://www.designspiration.net/{}/",
    "urlMain": "https://www.designspiration.net/",
    "username_claimed": "blue",
    "username_unclaimed": "noonewouldeverusethis7"
  },
  "CapFriendly": {
    "errorMsg": "<div class=\"err show p5\">No results found</div>",
    "errorType": "message",
    "regexCheck": "^[a-zA-z][a-zA-Z0-9_]{2,79}$",
    "url": "https://www.capfriendly.com/users/{}",
    "urlMain": "https://www.capfriendly.com/",
    "username_claimed": "thisactuallyexists",
    "username_unclaimed": "noonewouldeverusethis7"
  },
  "Gab": {
    "errorMsg": "The page you are looking for isn't here.",
    "errorType": "message",
    "url": "https://gab.com/{}",
    "urlMain": "https://gab.com",
    "username_claimed": "a",
    "username_unclaimed": "noonewouldeverusethis"
  },
  "Venmo": {
    "errorMsg": "The profile you&#x27;re looking for isn&#x27;t available",
    "errorType": "message",
    "url": "https://venmo.com/u/{}",
    "urlMain": "https://venmo.com/",
    "username_claimed": "jenny",
    "username_unclaimed": "noonewouldeverusethis7"
  },
  "FanCentro": {
    "errorMsg": "var environment",
    "errorType": "message",
    "url": "https://fancentro.com/{}",
    "urlMain": "https://fancentro.com/",
    "username_claimed": "nielsrosanna",
    "username_unclaimed": "noonewouldeverusethis7"
  },
  "Codeforces": {
    "errorType": "response_url",
    "errorUrl": "https://codeforces.com/",
    "url": "https://codeforces.com/profile/{}",
    "urlMain": "https://www.codeforces.com/",
    "username_claimed": "tourist",
    "username_unclaimed": "noonewouldeverusethis789"
  },
  "Smashcast": {
    "errorType": "status_code",
    "url": "https://www.smashcast.tv/api/media/live/{}",
    "urlMain": "https://www.smashcast.tv/",
    "username_claimed": "hello",
    "username_unclaimed": "noonewouldeverusethis7"
  },
  "Countable": {
    "errorType": "status_code",
    "url": "https://www.countable.us/{}",
    "urlMain": "https://www.countable.us/",
    "username_claimed": "blue",
    "username_unclaimed": "noonewouldeverusethis7"
  },
  "Spotify": {
    "errorType": "status_code",
    "url": "https://open.spotify.com/user/{}",
    "urlMain": "https://open.spotify.com/",
    "username_claimed": "blue",
    "username_unclaimed": "noonewouldeverusethis7"
  },
  "Steam": {
    "errorMsg": "The specified profile could not be found",
    "errorType": "message",
    "url": "https://steamcommunity.com/id/{}",
    "urlMain": "https://steamcommunity.com/",
    "username_claimed": "blue",
    "username_unclaimed": "noonewouldeverusethis7"
  },
  "Raidforums": {
    "errorType": "status_code",
    "url": "https://raidforums.com/User-{}",
    "urlMain": "https://raidforums.com/",
    "username_claimed": "red",
    "username_unclaimed": "noonewouldeverusethis7"
  },
  "Pinterest": {
    "errorType": "status_code",
    "url": "https://www.pinterest.com/{}/",
    "urlMain": "https://www.pinterest.com/",
    "username_claimed": "blue",
    "username_unclaimed": "noonewouldeverusethis76543"
  },
  "PCPartPicker": {
    "errorType": "status_code",
    "url": "https://pcpartpicker.com/user/{}",
    "urlMain": "https://pcpartpicker.com",
    "username_claimed": "blue",
    "username_unclaimed": "noonewouldeverusethis7"
  },
  "eBay.com": {
    "errorMsg": "The User ID you entered was not found. Please check the User ID and try again.",
    "errorType": "message",
    "url": "https://www.ebay.com/usr/{}",
    "urlMain": "https://www.ebay.com/",
    "username_claimed": "blue",
    "username_unclaimed": "noonewouldeverusethis7"
  },
  "eBay.de": {
    "errorMsg": "Der eingegebene Nutzername wurde nicht gefunden. Bitte pr\u00fcfen Sie den Nutzernamen und versuchen Sie es erneut.",
    "errorType": "message",
    "url": "https://www.ebay.de/usr/{}",
    "urlMain": "https://www.ebay.de/",
    "username_claimed": "blue",
    "username_unclaimed": "noonewouldeverusethis7"
  },
  "Ghost": {
    "errorMsg": "Domain Error",
    "errorType": "message",
    "url": "https://{}.ghost.io/",
    "urlMain": "https://ghost.org/",
    "username_claimed": "troyhunt",
    "username_unclaimed": "noonewouldeverusethis7"
  },
  "Atom Discussions": {
    "errorMsg": "Oops! That page doesn\u2019t exist or is private.",
    "errorType": "message",
    "url": "https://discuss.atom.io/u/{}/summary",
    "urlMain": "https://discuss.atom.io",
    "username_claimed": "blue",
    "username_unclaimed": "noonewouldeverusethis"
  },
  "Gam1ng": {
    "errorType": "status_code",
    "url": "https://gam1ng.com.br/user/{}",
    "urlMain": "https://gam1ng.com.br",
    "username_claimed": "PinKgirl",
    "username_unclaimed": "noonewouldeverusethis77777"
  },
  "OGUsers": {
    "errorType": "status_code",
    "url": "https://ogusers.com/{}",
    "urlMain": "https://ogusers.com/",
    "username_claimed": "ogusers",
    "username_unclaimed": "noonewouldeverusethis7"
  },
  "Otzovik": {
    "errorType": "status_code",
    "url": "https://otzovik.com/profile/{}",
    "urlMain": "https://otzovik.com/",
    "username_claimed": "blue",
    "username_unclaimed": "noonewouldeverusethis7"
  },
  "radio_echo_msk": {
    "errorType": "status_code",
    "url": "https://echo.msk.ru/users/{}",
    "urlMain": "https://echo.msk.ru/",
    "username_claimed": "blue",
    "username_unclaimed": "noonewouldeverusethis7"
  },
  "Ello": {
    "errorMsg": "We couldn't find the page you're looking for",
    "errorType": "message",
    "url": "https://ello.co/{}",
    "urlMain": "https://ello.co/",
    "username_claimed": "blue",
    "username_unclaimed": "noonewouldeverusethis7"
  },
  "GitHub Support Community": {
    "errorMsg": "Oops! That page doesn\u2019t exist or is private.",
    "errorType": "message",
    "url": "https://github.community/u/{}/summary",
    "urlMain": "https://github.community",
    "username_claimed": "jperl",
    "username_unclaimed": "noonewouldusethis298"
  },
  "GuruShots": {
    "errorType": "status_code",
    "url": "https://gurushots.com/{}/photos",
    "urlMain": "https://gurushots.com/",
    "username_claimed": "blue",
    "username_unclaimed": "noonewouldeverusethis7"
  },
  "Google Developer": {
    "errorMsg": "Sorry, the profile was not found.",
    "errorType": "message",
    "url": "https://g.dev/{}",
    "urlMain": "https://g.dev/",
    "username_claimed": "blue",
    "username_unclaimed": "noonewouldeverusethis7"
  },
  "mastodon.technology": {
    "errorType": "status_code",
    "url": "https://mastodon.technology/@{}",
    "urlMain": "https://mastodon.xyz/",
    "username_claimed": "ashfurrow",
    "username_unclaimed": "noonewouldeverusethis7"
  }
}
