{
    "7Cups": "https://www.7cups.com/@jaskaran",
    "9GAG": "https://www.9gag.com/u/jaskaran",
    "About.me": "https://about.me/jaskaran",
    "Academia.edu": "https://independent.academia.edu/jaskaran",
    "AllMyLinks": "https://allmylinks.com/jaskaran",
    "Anilist": "https://anilist.co/user/jaskaran/",
    "AskFM": "https://ask.fm/jaskaran",
    "Audiojungle": "https://audiojungle.net/user/jaskaran",
    "BLIP.fm": "https://blip.fm/jaskaran",
    "Blogger": "https://jaskaran.blogspot.com",
    "CGTrader": "https://www.cgtrader.com/jaskaran",
    "Chess": "https://www.chess.com/member/jaskaran",
    "Codecademy": "https://www.codecademy.com/profiles/jaskaran",
    "Codechef": "https://www.codechef.com/users/jaskaran",
    "Codewars": "https://www.codewars.com/users/jaskaran",
    "Crowdin": "https://crowdin.com/profile/jaskaran",
    "Cults3D": "https://cults3d.com/en/users/jaskaran/creations",
    "DEV Community": "https://dev.to/jaskaran",
    "DeviantART": "https://jaskaran.deviantart.com",
    "Discuss.Elastic.co": "https://discuss.elastic.co/u/jaskaran",
    "Disqus": "https://disqus.com/jaskaran",
    "Docker Hub": "https://hub.docker.com/u/jaskaran/",
    "Dribbble": "https://dribbble.com/jaskaran",
    "Enjin": "https://www.enjin.com/profile/jaskaran",
    "F3.cool": "https://f3.cool/jaskaran/",
    "Facebook": "https://www.facebook.com/jaskaran",
    "Fiverr": "https://www.fiverr.com/jaskaran",
    "Flickr": "https://www.flickr.com/people/jaskaran",
    "Flipboard": "https://flipboard.com/@jaskaran",
    "Freelancer": "https://www.freelancer.com/u/jaskaran",
    "Freesound": "https://freesound.org/people/jaskaran/",
    "GaiaOnline": "https://www.gaiaonline.com/profiles/jaskaran",
    "Genius (Artists)": "https://genius.com/artists/jaskaran",
    "Genius (Users)": "https://genius.com/jaskaran",
    "Giphy": "https://giphy.com/jaskaran",
    "GitHub": "https://www.github.com/jaskaran",
    "GitLab": "https://gitlab.com/jaskaran",
    "Grailed": "https://www.grailed.com/jaskaran",
    "Gravatar": "http://en.gravatar.com/jaskaran",
    "Gumroad": "https://www.gumroad.com/jaskaran",
    "Gutefrage": "https://www.gutefrage.net/nutzer/jaskaran",
    "HackerEarth": "https://hackerearth.com/@jaskaran",
    "HackerNews": "https://news.ycombinator.com/user?id=jaskaran",
    "HackerOne": "https://hackerone.com/jaskaran",
    "HackerRank": "https://hackerrank.com/jaskaran",
    "Hashnode": "https://hashnode.com/@jaskaran",
    "Houzz": "https://houzz.com/user/jaskaran",
    "HubPages": "https://hubpages.com/@jaskaran",
    "IFTTT": "https://www.ifttt.com/p/jaskaran",
    "Imgur": "https://imgur.com/user/jaskaran",
    "Instructables": "https://www.instructables.com/member/jaskaran",
    "Issuu": "https://issuu.com/jaskaran",
    "Kaggle": "https://www.kaggle.com/jaskaran",
    "Keybase": "https://keybase.io/jaskaran",
    "Kik": "https://kik.me/jaskaran",
    "Launchpad": "https://launchpad.net/~jaskaran",
    "LeetCode": "https://leetcode.com/jaskaran",
    "Letterboxd": "https://letterboxd.com/jaskaran",
    "Lichess": "https://lichess.org/@/jaskaran",
    "Medium": "https://medium.com/@jaskaran",
    "Minecraft": "https://api.mojang.com/users/profiles/minecraft/jaskaran",
    "MixCloud": "https://www.mixcloud.com/jaskaran/",
    "MyAnimeList": "https://myanimelist.net/profile/jaskaran",
    "Myspace": "https://myspace.com/jaskaran",
    "Naver": "https://blog.naver.com/jaskaran",
    "Needrom": "https://www.needrom.com/author/jaskaran/",
    "PSNProfiles.com": "https://psnprofiles.com/jaskaran",
    "Pastebin": "https://pastebin.com/u/jaskaran",
    "Patreon": "https://www.patreon.com/jaskaran",
    "Pokemon Showdown": "https://pokemonshowdown.com/users/jaskaran",
    "PromoDJ": "http://promodj.com/jaskaran",
    "PyPi": "https://pypi.org/user/jaskaran",
    "Quizlet": "https://quizlet.com/jaskaran",
    "Redbubble": "https://www.redbubble.com/people/jaskaran",
    "Replit.com": "https://replit.com/@jaskaran",
    "ReverbNation": "https://www.reverbnation.com/jaskaran",
    "Rumble": "https://rumble.com/user/jaskaran",
    "Scratch": "https://scratch.mit.edu/users/jaskaran",
    "Scribd": "https://www.scribd.com/jaskaran",
    "Sketchfab": "https://sketchfab.com/jaskaran",
    "Slack": "https://jaskaran.slack.com",
    "Slashdot": "https://slashdot.org/~jaskaran",
    "SlideShare": "https://slideshare.net/jaskaran",
    "Smule": "https://www.smule.com/jaskaran",
    "SoundCloud": "https://soundcloud.com/jaskaran",
    "SourceForge": "https://sourceforge.net/u/jaskaran",
    "Speedrun.com": "https://speedrun.com/user/jaskaran",
    "Splice": "https://splice.com/jaskaran",
    "Strava": "https://www.strava.com/athletes/jaskaran",
    "TETR.IO": "https://ch.tetr.io/u/jaskaran",
    "Telegram": "https://t.me/jaskaran",
    "Tenor": "https://tenor.com/users/jaskaran",
    "ThemeForest": "https://themeforest.net/user/jaskaran",
    "TradingView": "https://www.tradingview.com/u/jaskaran/",
    "TrashboxRU": "https://trashbox.ru/users/jaskaran",
    "Trello": "https://trello.com/jaskaran",
    "TryHackMe": "https://tryhackme.com/p/jaskaran",
    "Twitch": "https://www.twitch.tv/jaskaran",
    "Twitter": "https://twitter.com/jaskaran",
    "Typeracer": "https://data.typeracer.com/pit/profile?user=jaskaran",
    "Ultimate-Guitar": "https://ultimate-guitar.com/u/jaskaran",
    "Unsplash": "https://unsplash.com/@jaskaran",
    "VSCO": "https://vsco.co/jaskaran",
    "Vero": "https://vero.co/jaskaran",
    "Vimeo": "https://vimeo.com/jaskaran",
    "Warrior Forum": "https://www.warriorforum.com/members/jaskaran.html",
    "Wattpad": "https://www.wattpad.com/user/jaskaran",
    "We Heart It": "https://weheartit.com/jaskaran",
    "Wikidot": "http://www.wikidot.com/user:info/jaskaran",
    "Windy": "https://community.windy.com/user/jaskaran",
    "WordPress": "https://jaskaran.wordpress.com/",
    "WordPressOrg": "https://profiles.wordpress.org/jaskaran/",
    "Wordnik": "https://www.wordnik.com/users/jaskaran",
    "YouNow": "https://www.younow.com/jaskaran/",
    "YouPic": "https://youpic.com/photographer/jaskaran/",
    "aminoapp": "https://aminoapps.com/u/jaskaran",
    "couchsurfing": "https://www.couchsurfing.com/people/jaskaran",
    "freecodecamp": "https://www.freecodecamp.org/jaskaran",
    "geocaching": "https://www.geocaching.com/p/default.aspx?u=jaskaran",
    "gfycat": "https://gfycat.com/@jaskaran",
    "hackster": "https://www.hackster.io/jaskaran",
    "interpals": "https://www.interpals.net/jaskaran",
    "koo": "https://www.kooapp.com/profile/jaskaran",
    "last.fm": "https://last.fm/user/jaskaran",
    "metacritic": "https://www.metacritic.com/user/jaskaran",
    "minds": "https://www.minds.com/jaskaran/",
    "nairaland.com": "https://www.nairaland.com/jaskaran",
    "osu!": "https://osu.ppy.sh/users/jaskaran",
    "zoomit": "https://www.zoomit.ir/user/jaskaran"
}