[{"name":"Narendra Modi","id":"@narendramodi","id_link":"https://twitter.com/narendramodi","profile_pic_link":"https://pbs.twimg.com/profile_images/1565985672501927936/d-r-h241_normal.jpg","description":"Prime Minister of India"},{"name":"Lalit Kumar Modi","id":"@LalitKModi","id_link":"https://twitter.com/LalitKModi","profile_pic_link":"https://pbs.twimg.com/profile_images/1570834540234424321/RBb1BafQ_normal.jpg","description":"Founder \n@IPL\n President Modi Enterprises http://modi.com"},{"name":"Followed by Narendra Modi","id":"@PMOIndia","id_link":"https://twitter.com/PMOIndia","profile_pic_link":"https://pbs.twimg.com/profile_images/1134090740592627712/0Fp-U5-p_normal.png","description":"Office of the Prime Minister of India"},{"name":"Narendra Modi Fan/Bhakt/Follower/Supporter","id":"@NarendraModi1FC","id_link":"https://twitter.com/NarendraModi1FC","profile_pic_link":"https://pbs.twimg.com/profile_images/1199598775217475585/GuJwZ_vB_normal.jpg","description":"Narendra Modi Fan. Parody Account. Hindu. Support Prime Minister of India PM Modi. #NarendraModi. #MannKiBaat PMModi NaMo SwachhBharat JaiShriRam JaiHind BJP"},{"name":"Followed by Narendra Modi","id":"@narendramodi_in","id_link":"https://twitter.com/narendramodi_in","profile_pic_link":"https://pbs.twimg.com/profile_images/2548637061/5xk4yfopm3b80c9pdp9l_normal.jpeg","description":"Twitter account of http://narendramodi.in – Shri Narendra Modi's personal website & the Narendra Modi Mobile App."},{"name":"Followed by Narendra Modi","id":"@SushilModi","id_link":"https://twitter.com/SushilModi","profile_pic_link":"https://pbs.twimg.com/profile_images/1554758708080431104/oql_thEo_normal.jpg","description":"Member of Parliament, Rajya Sabha & Former Deputy Chief Minister, Bihar"},{"name":"Followed by Narendra Modi","id":"@ModiUFC","id_link":"https://twitter.com/ModiUFC","profile_pic_link":"https://pbs.twimg.com/profile_images/1177621254951583745/a4-ETlUQ_normal.jpg","description":"#MUFC = Modi United Fan Club / Shri Narendra Modi Fan Club / Man Of Developing India / VIKAS PURUSH / Followed by Shri \n@NarendraModi"},{"name":"Narendra Modi fan","id":"@narendramodi177","id_link":"https://twitter.com/narendramodi177","profile_pic_link":"https://pbs.twimg.com/profile_images/1570833916260683776/aBtZzZd__normal.jpg","description":"Prime Minister of India Fan Page Club."},{"name":"NarendraModi App","id":"@NamoApp","id_link":"https://twitter.com/NamoApp","profile_pic_link":"https://pbs.twimg.com/profile_images/1177141415974850560/jt-K71d0_normal.png","description":"Official App of PM of India, Narendra Modi. It brings to you latest information, instant updates & helps you contribute towards various tasks"},{"name":"Modi Army","id":"@Modiarmy","id_link":"https://twitter.com/Modiarmy","profile_pic_link":"https://pbs.twimg.com/profile_images/1554730727903637504/JlHDGw6u_normal.jpg","description":"Army of Prime Minister \n@narendramodi\n || We are Proud Hindu || Modi ji for 2024 || Queries are always welcome ||"},{"name":"ഭീമസേനൻ - The diehard supporter of PM NarendraModi","id":"@IndianPatriotOM","id_link":"https://twitter.com/IndianPatriotOM","profile_pic_link":"https://pbs.twimg.com/profile_images/1213171592768847873/kgOZmY2x_normal.jpg","description":"One India n India First  ലോകസമസ്ത: സുഖിനോ ഭവന്തു: , മൊട കണ്ടാ എടപെടും ! സാഹിത്യ കുതുകി, പുസ്തക പ്രിയൻ, ധർമ്മ രക്ഷകൻ ! മനുഷ്യ സ്നേഹി....ഗദായുദ്ധ പ്രിയൻ "},{"name":"Narendra Modi Fan Club India","id":"@narendramodi2O","id_link":"https://twitter.com/narendramodi2O","profile_pic_link":"https://pbs.twimg.com/profile_images/1194910044317339649/iceEskOt_normal.jpg","description":" Largest Fan Club of \n@narendramodi\n ji  Modi Once Again in 2024   Dm to share your post. #EkBarPhirModiSarkar #NarendraModi #NarendraModi"},{"name":"Followed by Narendra Modi","id":"@i_gauravvsoni","id_link":"https://twitter.com/i_gauravvsoni","profile_pic_link":"https://pbs.twimg.com/profile_images/1584095991971532801/fqOnmolB_normal.jpg","description":"Fan of our Hon. PM Shri \n@narendramodi\n Ji, ABVP, Social Media Activist, founder Member of Sevak Foundation \n@SEVAK_F\n \n@Igauravvsoni"},{"name":"Saket Modi","id":"@SaketModi_","id_link":"https://twitter.com/SaketModi_","profile_pic_link":"https://pbs.twimg.com/profile_images/1417597629010042881/RPVfzZqj_normal.png","description":"Co Founder & CEO \n@SafeCRQ"},{"name":"Modi Story","id":"@themodistory","id_link":"https://twitter.com/themodistory","profile_pic_link":"https://pbs.twimg.com/profile_images/1505855703017492480/LSutlmC__normal.jpg","description":"An initiative to bring forward Narendra Modi’s inspiring life story, through the eyes of those who have caught a glimpse into his life."},{"name":"Narendra Modi fan","id":"@narendramodi177","id_link":"https://twitter.com/narendramodi177","profile_pic_link":"https://pbs.twimg.com/profile_images/1570833916260683776/aBtZzZd__normal.jpg","description":"Prime Minister of India Fan Page Club."},{"name":"NarendraModi App","id":"@NamoApp","id_link":"https://twitter.com/NamoApp","profile_pic_link":"https://pbs.twimg.com/profile_images/1177141415974850560/jt-K71d0_normal.png","description":"Official App of PM of India, Narendra Modi. It brings to you latest information, instant updates & helps you contribute towards various tasks"},{"name":"Modi Army","id":"@Modiarmy","id_link":"https://twitter.com/Modiarmy","profile_pic_link":"https://pbs.twimg.com/profile_images/1554730727903637504/JlHDGw6u_normal.jpg","description":"Army of Prime Minister \n@narendramodi\n || We are Proud Hindu || Modi ji for 2024 || Queries are always welcome ||"},{"name":"ഭീമസേനൻ - The diehard supporter of PM NarendraModi","id":"@IndianPatriotOM","id_link":"https://twitter.com/IndianPatriotOM","profile_pic_link":"https://pbs.twimg.com/profile_images/1213171592768847873/kgOZmY2x_normal.jpg","description":"One India n India First  ലോകസമസ്ത: സുഖിനോ ഭവന്തു: , മൊട കണ്ടാ എടപെടും ! സാഹിത്യ കുതുകി, പുസ്തക പ്രിയൻ, ധർമ്മ രക്ഷകൻ ! മനുഷ്യ സ്നേഹി....ഗദായുദ്ധ പ്രിയൻ "},{"name":"Narendra Modi Fan Club India","id":"@narendramodi2O","id_link":"https://twitter.com/narendramodi2O","profile_pic_link":"https://pbs.twimg.com/profile_images/1194910044317339649/iceEskOt_normal.jpg","description":" Largest Fan Club of \n@narendramodi\n ji  Modi Once Again in 2024   Dm to share your post. #EkBarPhirModiSarkar #NarendraModi #NarendraModi"},{"name":"Followed by Narendra Modi","id":"@i_gauravvsoni","id_link":"https://twitter.com/i_gauravvsoni","profile_pic_link":"https://pbs.twimg.com/profile_images/1584095991971532801/fqOnmolB_normal.jpg","description":"Fan of our Hon. PM Shri \n@narendramodi\n Ji, ABVP, Social Media Activist, founder Member of Sevak Foundation \n@SEVAK_F\n \n@Igauravvsoni"},{"name":"Saket Modi","id":"@SaketModi_","id_link":"https://twitter.com/SaketModi_","profile_pic_link":"https://pbs.twimg.com/profile_images/1417597629010042881/RPVfzZqj_normal.png","description":"Co Founder & CEO \n@SafeCRQ"},{"name":"Modi Story","id":"@themodistory","id_link":"https://twitter.com/themodistory","profile_pic_link":"https://pbs.twimg.com/profile_images/1505855703017492480/LSutlmC__normal.jpg","description":"An initiative to bring forward Narendra Modi’s inspiring life story, through the eyes of those who have caught a glimpse into his life."},{"name":"MODI","id":"@MODI_COMEDIAN","id_link":"https://twitter.com/MODI_COMEDIAN","profile_pic_link":"https://pbs.twimg.com/profile_images/1425104819400892418/UmXb43lo_normal.jpg","description":"Comedian/Actor living in NYC. Appearances on Netflix, HBO, Comedy Central. Booking inquiries: info@modilive.com"},{"name":"Followed by Narendra Modi","id":"@pragnik","id_link":"https://twitter.com/pragnik","profile_pic_link":"https://pbs.twimg.com/profile_images/807229750670282754/hH6i2kq9_normal.jpg","description":"Developmental Economist. Only bothered about bringing up the bottom 5 Billion people of globe. I support Narendra Modi for this reason. RTs not endorsements."},{"name":"Followed by Narendra Modi","id":"@Modi4PMAgain","id_link":"https://twitter.com/Modi4PMAgain","profile_pic_link":"https://pbs.twimg.com/profile_images/1290135419380613122/JlNCiX1e_normal.jpg","description":"Fully awake while on duty.. sleep with one eye open..as for every minute spent in organising an hour is earned #Factbased भारत सर्व प्रथम!!"},{"name":"Narendra Modi Army","id":"@ModiKaBhaktHoon","id_link":"https://twitter.com/ModiKaBhaktHoon","profile_pic_link":"https://pbs.twimg.com/profile_images/1175869290198622208/IHM1AOP3_normal.jpg","description":"Shri Narendra Modi.. Proud to Be a Modi Bhakt.."},{"name":"Followed by Narendra Modi","id":"@BJPPath","id_link":"https://twitter.com/BJPPath","profile_pic_link":"https://pbs.twimg.com/profile_images/472323758540075009/Pnfr7tuf_normal.jpeg","description":"Blog Born 2010. With BJP 1985 On. Dreamt #Modi Ji As \n@PMOIndia\n. Influencer #SocialMedia Polls 2019, 2014,2009. PM \n@narendramodi\n Ji Follows. Private Initiative"},{"name":"#modi_job_do","id":"@Rohit86116617","id_link":"https://twitter.com/Rohit86116617","profile_pic_link":"https://pbs.twimg.com/profile_images/1364869886749536269/WBb4qpEZ_normal.jpg","description":"#modi_jawab_do#modi_rojgar_do#modi_rojgar_दो#speakup#RRBExamKarao #RailwayJago #NTPC2019 #railwayexamlenahoga"},{"name":"The Modi Fan","id":"@iModiFan1","id_link":"https://twitter.com/iModiFan1","profile_pic_link":"https://pbs.twimg.com/profile_images/1553020203717771264/egITyDUQ_normal.jpg","description":"Ardent fan of Hon'ble PM Shri Narendra Modi Ji"},{"name":"Neena Modi","id":"@NeenaModi1","id_link":"https://twitter.com/NeenaModi1","profile_pic_link":"https://pbs.twimg.com/profile_images/1206992660852023302/LbugmJUP_normal.jpg","description":"Professor of Neonatal Medicine, Imperial College London; Past-President BMA, MWF, RCPCH; Neonatal Society; President-Elect EAPM; My views #HealthIsNotACommodity"},{"name":"Asit Kumarr Modi","id":"@AsitKumarrModi","id_link":"https://twitter.com/AsitKumarrModi","profile_pic_link":"https://pbs.twimg.com/profile_images/558525689196859392/zqpwsWj6_normal.jpeg","description":"Creator of TV show Taraak Mehta Ka Ooltah Chashmah \n@TMKOC_NTF\n. PM's Swachh Bharat Ambassador. Writer,Director,Producer, Explorer,Student Of Politics."},{"name":"Followed by Narendra Modi","id":"@ModiBharosa","id_link":"https://twitter.com/ModiBharosa","profile_pic_link":"https://pbs.twimg.com/profile_images/1559858248270118917/dvga4FmH_normal.png","description":"Trust and Hope in One Name, One Person. We have Trust in PM Modi. We are ModiBharosa"},{"name":"Followed by Narendra Modi","id":"@kktotlani","id_link":"https://twitter.com/kktotlani","profile_pic_link":"https://pbs.twimg.com/profile_images/1559435104136470531/8kjUrHZM_normal.jpg","description":"http://Retd.Sr.Executive PSB,Hindu Nationalist, Always India 1st, Modi Fan,Arnab's Fan.SportsLover.Humbled to be followed by our PM \n@narendramodi\n \n@nsitharamanof"},{"name":"Plaid","id":"@Plaid_NModi","id_link":"https://twitter.com/Plaid_NModi","profile_pic_link":"https://pbs.twimg.com/profile_images/560162219933958144/ZugH5TyH_normal.jpeg","description":"The Plaid Avenger's updates for Indian Prime Minister Narendra Modi. (parody account) (FAKE!!)"},{"name":"Corona Warrior Narendra Modi","id":"@ModiOnceMore","id_link":"https://twitter.com/ModiOnceMore","profile_pic_link":"https://pbs.twimg.com/profile_images/1080704430553657344/rydferR6_normal.jpg","description":"#IndiaWithModi #ModiOnceMore http://t.me/ModiOnceMore19"},{"name":"Modi-Fied Andaman","id":"@MF4AN","id_link":"https://twitter.com/MF4AN","profile_pic_link":"https://pbs.twimg.com/profile_images/1567958884798853120/zCMWSROQ_normal.jpg","description":"Sabka Sath, Sabka Vikas, Sabka Vishwaas aur Sabka Prayas...... Andaman towards Modi-fication..."},{"name":"I am Modi  आकाश  Aakash ","id":"@iAakash_Agarwal","id_link":"https://twitter.com/iAakash_Agarwal","profile_pic_link":"https://pbs.twimg.com/profile_images/1559354765473001472/wMrilDli_normal.jpg","description":"आत्मा नहीं आवरण बदलता हुँअपने मन का मालिक मैंमूडTwtrबदलता हैचलता अकेला हुँDetached-In-Attachedसबका साथ-विकाश-विश्वासLike=Read\n@iA_A_"},{"name":"Lalit Modi Fan Club","id":"@LalitmodiFC","id_link":"https://twitter.com/LalitmodiFC","profile_pic_link":"https://pbs.twimg.com/profile_images/3046829256/89db1cfeeb41b2c12a8a47a4c9460861_normal.jpeg","description":"A staunch LALIT MODI fan, believes in all HE does,says and thinks!!Believes in his MAGICAL POWERS!! KNOWS HE WILL BE BACK!!! He “Said so” and Said ALL TRUTH”"},{"name":"Followed by Narendra Modi","id":"@virajwrites","id_link":"https://twitter.com/virajwrites","profile_pic_link":"https://pbs.twimg.com/profile_images/1572957921495121923/he0o2Vbe_normal.jpg","description":"Tech | Current Affairs | BJP | Honoured to be followed by PM Narendra Modi \n@narendramodi\n "},{"name":"Followed by Narendra Modi","id":"@IT4NaMo","id_link":"https://twitter.com/IT4NaMo","profile_pic_link":"https://pbs.twimg.com/profile_images/579297634562658304/F7_aS3Md_normal.jpg","description":"Information Technology Platform to support PM \n@narendramodi\n in #NortheastIndia. RTs are not Endorsement!"},{"name":"I am Modi  आकाश  Aakash ","id":"@iAakash_Agarwal","id_link":"https://twitter.com/iAakash_Agarwal","profile_pic_link":"https://pbs.twimg.com/profile_images/1559354765473001472/wMrilDli_normal.jpg","description":"आत्मा नहीं आवरण बदलता हुँअपने मन का मालिक मैंमूडTwtrबदलता हैचलता अकेला हुँDetached-In-Attachedसबका साथ-विकाश-विश्वासLike=Read\n@iA_A_"},{"name":"Lalit Modi Fan Club","id":"@LalitmodiFC","id_link":"https://twitter.com/LalitmodiFC","profile_pic_link":"https://pbs.twimg.com/profile_images/3046829256/89db1cfeeb41b2c12a8a47a4c9460861_normal.jpeg","description":"A staunch LALIT MODI fan, believes in all HE does,says and thinks!!Believes in his MAGICAL POWERS!! KNOWS HE WILL BE BACK!!! He “Said so” and Said ALL TRUTH”"},{"name":"Followed by Narendra Modi","id":"@virajwrites","id_link":"https://twitter.com/virajwrites","profile_pic_link":"https://pbs.twimg.com/profile_images/1572957921495121923/he0o2Vbe_normal.jpg","description":"Tech | Current Affairs | BJP | Honoured to be followed by PM Narendra Modi \n@narendramodi\n "},{"name":"Followed by Narendra Modi","id":"@IT4NaMo","id_link":"https://twitter.com/IT4NaMo","profile_pic_link":"https://pbs.twimg.com/profile_images/579297634562658304/F7_aS3Md_normal.jpg","description":"Information Technology Platform to support PM \n@narendramodi\n in #NortheastIndia. RTs are not Endorsement!"},{"name":"Followed by Narendra Modi","id":"@trustnamo","id_link":"https://twitter.com/trustnamo","profile_pic_link":"https://pbs.twimg.com/profile_images/1554339561651961856/vE_5Ps92_normal.jpg","description":"Followed by Hon'ble Prime Minister Shri \n@narendramodi\n. Fan of Hon'ble Narendra Modi. #Haryana #Haryanvi"},{"name":"Followed by Narendra Modi","id":"@drnileshmodi","id_link":"https://twitter.com/drnileshmodi","profile_pic_link":"https://pbs.twimg.com/profile_images/1076454189532729345/-cP9k4tm_normal.jpg","description":"Cyber Security Expert | PhD - Cyber Security, CEH | Proud to get followed by Hon. Prime Minister Shri \n@narendramodi\n \n@narendramodi_in\n | Hindu Nationalist"},{"name":"Followed by Narendra Modi","id":"@purneshmodi","id_link":"https://twitter.com/purneshmodi","profile_pic_link":"https://pbs.twimg.com/profile_images/1565992824218169344/J7KOvXU0_normal.jpg","description":"167-MLA Surat West Ex.cabinet minister Transport,Civil Aviation,Tourism and Pilgrimage Dev. Govt.Of Gujarat,Parliamentary Secretary,Ex-President \n@bjp4suratcity"},{"name":"Tanvi Modi","id":"@TanviModi","id_link":"https://twitter.com/TanviModi","profile_pic_link":"https://pbs.twimg.com/profile_images/833614238618906624/rYC71z4c_normal.jpg","description":" Producer | COO - Epigram/Polaris Talent Management/Epilogue Entertainment Kindness & success are not mutually exclusive Miss U Toronto #Bluejays fan"},{"name":"Heena Modi Ⓥ ","id":"@PlantShift","id_link":"https://twitter.com/PlantShift","profile_pic_link":"https://pbs.twimg.com/profile_images/815678689811767296/bQu5UkIo_normal.jpg","description":"Coaching to make the shift to a vegan diet or lifestyle fun, light, effortless & positive. Harmonising our thoughts, words & behaviour. love  living  vegan"},{"name":"Ruchir Kumar Modi","id":"@RuchirLModi","id_link":"https://twitter.com/RuchirLModi","profile_pic_link":"https://pbs.twimg.com/profile_images/849979768799940608/FP2rjj1i_normal.jpg","description":"Director- Godfrey Phillips India Ltd, Modi Enterprises, Modicare• Founder & CEO Modi Ventures • Brand Head- FTV India"},{"name":"modi!","id":"@supermodi","id_link":"https://twitter.com/supermodi","profile_pic_link":"https://pbs.twimg.com/profile_images/1465200006432919553/FbqtrnMp_normal.jpg","description":"HEATING UP!  | \n@defjam\n  |  \n@nike\n \n@redbull\n \n@trillectro\n & lots of other fun adventures "},{"name":"Modi_job_do","id":"@SpeakSSCrailway","id_link":"https://twitter.com/SpeakSSCrailway","profile_pic_link":"https://pbs.twimg.com/profile_images/1300041742473859076/gr_s3wMm_normal.jpg","description":"SpeakUpForSSCRailwayStudents@gmail.com #modi_rojgar_do #modi_job_do जब सभी के मन की बात एक जगह आ जाए तो सरकार को जवाब देना ही पड़ेगा"},{"name":"Vote for BJP ","id":"@narendramodiS2","id_link":"https://twitter.com/narendramodiS2","profile_pic_link":"https://pbs.twimg.com/profile_images/1575434929940627456/9yGj9VDs_normal.jpg","description":"Next Mission Hindu Rashtra"},{"name":"modistory.in","id":"@ModiStory_in","id_link":"https://twitter.com/ModiStory_in","profile_pic_link":"https://pbs.twimg.com/profile_images/1508404361440886787/mtGNRJgR_normal.jpg","description":"Modi Story is an initiative to bring forward Narendra Modi's inspiring life story"},{"name":"PM Modi News","id":"@PMModiNews","id_link":"https://twitter.com/PMModiNews","profile_pic_link":"https://pbs.twimg.com/profile_images/1566011590977396736/GRffp6jo_normal.jpg","description":"Ai Powered Latest News about Indias most loved Prime Minister Mr. Narendra Modi from multiple Sources. #NamoNews"},{"name":"I support PM Modi","id":"@GhoshDhrubajit","id_link":"https://twitter.com/GhoshDhrubajit","profile_pic_link":"https://pbs.twimg.com/profile_images/1591848712958930944/LBZ9e1P1_normal.jpg","description":"Lawyer at Heart. Pre 2014 victim of conspiracy n ganging up politcs in Govt.. Green Planet=PM Modi"},{"name":"Ashok Mishra Followed by @narendramodi Ji","id":"@87allahabad","id_link":"https://twitter.com/87allahabad","profile_pic_link":"https://pbs.twimg.com/profile_images/1554705377010130944/GcYcIch8_normal.jpg","description":"im the biggest fan of PM narendra modi jai hind "},{"name":"India_Israel","id":"@ModiInIsrael","id_link":"https://twitter.com/ModiInIsrael","profile_pic_link":"https://pbs.twimg.com/profile_images/889443253145260035/yuI73L8h_normal.jpg","description":"Commemorative account to mark PM \n@NarendraModi\n's visit to Israel [campaign a/c powered by \n@Indians4Israel\n team] #ModiInIsrael"},{"name":"Followed by Narendra Modi","id":"@prasanta_verma","id_link":"https://twitter.com/prasanta_verma","profile_pic_link":"https://pbs.twimg.com/profile_images/1586614473359388672/mzgFuBTh_normal.jpg","description":"অসমীয়া , Student of B.A. (English Literature) , Author , Book Lover , Literature , Journalism .  Followed by PM Modi (\n@narendramodi\n)."},{"name":"Chowkidar ForNarendraModi","id":"@Asha71752138","id_link":"https://twitter.com/Asha71752138","profile_pic_link":"https://pbs.twimg.com/profile_images/1115923511397232640/06YZa1ln_normal.jpg","description":"Vote For NarendraModi हर हर मोदी घर घर मोदी #SankalpHamaraModiDobara Proud NarendraModi* Bhakth"},{"name":"The Modi Era ","id":"@TheModiEra","id_link":"https://twitter.com/TheModiEra","profile_pic_link":"https://pbs.twimg.com/profile_images/482187048913088513/lThx-xyS_normal.png","description":"#SM #MSM Commentary on PM #NarendraModi's two terms in office. #TheModiEra, #DynastyFreeIndia . Handle by \n@VVSNair\n OSV 85."},{"name":"Shaun Modi","id":"@ShaunModi","id_link":"https://twitter.com/ShaunModi","profile_pic_link":"https://pbs.twimg.com/profile_images/1169139901452996609/T_4F1TNC_normal.jpg","description":"CEO, \n@usecapitol\n // Prev. \n@wearetmsf\n // \n@Airbnb\n // \n@Google\n // \n@NASA\n // Investor // Dad"},{"name":"Followed by Narendra Modi","id":"@rajesh188","id_link":"https://twitter.com/rajesh188","profile_pic_link":"https://pbs.twimg.com/profile_images/1555984170639192064/8m7cW0Wx_normal.jpg","description":"#ModiOnceMore Member of NMYO (Narendra Modi Youth Organization) diehard fan of Narendra Bhai Damodardas Modi ji, i want to see Modi ji as PM in 2014."},{"name":"ANNY T. MODI","id":"@annytenga","id_link":"https://twitter.com/annytenga","profile_pic_link":"https://pbs.twimg.com/profile_images/1582634768814018560/-gX3TgyF_normal.jpg","description":"Women's Rights|Proud mother| Feminist. #WomenPeaceAmbassador #ED \n@afiamama\n #Board \n@strongAdvocacy\n \n@AWLN_RDC\n \n@CentreOdas\n \n@FDEC_243\n \n@wphfund\n #DRC"},{"name":"Konark Modi","id":"@konarkmodi","id_link":"https://twitter.com/konarkmodi","profile_pic_link":"https://pbs.twimg.com/profile_images/2566211375/IMG_5375_normal.JPG","description":"Data Security & Privacy Advocate | Exec. Advisor \n@HolidayCheckGrp\n | Ex-Cliqz, Ex-MMYT. DM’s open or email me at id@domain where id=modi.konark, domain=http://gmail.com"},{"name":"Chowkidar ForNarendraModi","id":"@Asha71752138","id_link":"https://twitter.com/Asha71752138","profile_pic_link":"https://pbs.twimg.com/profile_images/1115923511397232640/06YZa1ln_normal.jpg","description":"Vote For NarendraModi हर हर मोदी घर घर मोदी #SankalpHamaraModiDobara Proud NarendraModi* Bhakth"},{"name":"The Modi Era ","id":"@TheModiEra","id_link":"https://twitter.com/TheModiEra","profile_pic_link":"https://pbs.twimg.com/profile_images/482187048913088513/lThx-xyS_normal.png","description":"#SM #MSM Commentary on PM #NarendraModi's two terms in office. #TheModiEra, #DynastyFreeIndia . Handle by \n@VVSNair\n OSV 85."},{"name":"Shaun Modi","id":"@ShaunModi","id_link":"https://twitter.com/ShaunModi","profile_pic_link":"https://pbs.twimg.com/profile_images/1169139901452996609/T_4F1TNC_normal.jpg","description":"CEO, \n@usecapitol\n // Prev. \n@wearetmsf\n // \n@Airbnb\n // \n@Google\n // \n@NASA\n // Investor // Dad"},{"name":"Followed by Narendra Modi","id":"@rajesh188","id_link":"https://twitter.com/rajesh188","profile_pic_link":"https://pbs.twimg.com/profile_images/1555984170639192064/8m7cW0Wx_normal.jpg","description":"#ModiOnceMore Member of NMYO (Narendra Modi Youth Organization) diehard fan of Narendra Bhai Damodardas Modi ji, i want to see Modi ji as PM in 2014."},{"name":"ANNY T. MODI","id":"@annytenga","id_link":"https://twitter.com/annytenga","profile_pic_link":"https://pbs.twimg.com/profile_images/1582634768814018560/-gX3TgyF_normal.jpg","description":"Women's Rights|Proud mother| Feminist. #WomenPeaceAmbassador #ED \n@afiamama\n #Board \n@strongAdvocacy\n \n@AWLN_RDC\n \n@CentreOdas\n \n@FDEC_243\n \n@wphfund\n #DRC"},{"name":"Konark Modi","id":"@konarkmodi","id_link":"https://twitter.com/konarkmodi","profile_pic_link":"https://pbs.twimg.com/profile_images/2566211375/IMG_5375_normal.JPG","description":"Data Security & Privacy Advocate | Exec. Advisor \n@HolidayCheckGrp\n | Ex-Cliqz, Ex-MMYT. DM’s open or email me at id@domain where id=modi.konark, domain=http://gmail.com"},{"name":"ChuckModi","id":"@ChuckModi1","id_link":"https://twitter.com/ChuckModi1","profile_pic_link":"https://pbs.twimg.com/profile_images/1279561890256035843/M473ScA0_normal.jpg","description":"Justice Journalist. Youth Advocate. Sportswriter. B4 Elon suspends me, you can find me at IG at \n@chuckmodi1\n; just joined Mastodon @chuckmodi1@kolektiva.social"},{"name":"Modi Bhakt Joker","id":"@Agent0fChaos_","id_link":"https://twitter.com/Agent0fChaos_","profile_pic_link":"https://pbs.twimg.com/profile_images/1291035662305513473/Mg9fae_N_normal.jpg","description":"Modi ji ne kiya hai to kuchh sonch ke hi kiya hoga......"},{"name":"Followed by Narendra Modi","id":"@abhinavshukla48","id_link":"https://twitter.com/abhinavshukla48","profile_pic_link":"https://pbs.twimg.com/profile_images/1604755484820803584/1tyHQteR_normal.jpg","description":"Student | Blessed to be followed by PM \n@narendramodi\n ji | Proud Indian Hindu | Nationalist | Firm believer of Modi Ji's policies | Godly | हर हर महादेव |"},{"name":"Sunami modi","id":"@riddhibalotra","id_link":"https://twitter.com/riddhibalotra","profile_pic_link":"https://pbs.twimg.com/profile_images/1323901348715261954/8JnSW41f_normal.jpg","description":"born for modi and die for modi,भारत माता की जय SALUTE TO MY INDIAN ARMY,LOVE AJIT DOBAAL I AM ASHAMED OF BOLLYWOOD"},{"name":"Sandeep Modi","id":"@sandeep_modi","id_link":"https://twitter.com/sandeep_modi","profile_pic_link":"https://pbs.twimg.com/profile_images/950789280842047488/vYcIY5F8_normal.jpg","description":"Film-maker, National Award 15', Adfilmmaker, Co Creator & Director - Aarya (S1), Director - Chumbak, Amateur optimist, Professional dreamer!"},{"name":"Modi Brigade","id":"@ModiBrigade_Ind","id_link":"https://twitter.com/ModiBrigade_Ind","profile_pic_link":"https://pbs.twimg.com/profile_images/1207119444842991616/DgtqD6ju_normal.jpg","description":"Official Twitter Account of team \"Modi Brigade\" Follow us and get the latest updates of good governance by PM Modi."},{"name":"PMO Office INDIA","id":"@PMO_NaMo","id_link":"https://twitter.com/PMO_NaMo","profile_pic_link":"https://pbs.twimg.com/profile_images/1258675799177064448/_3a-lKC0_normal.jpg","description":"From #PMOIndia office 24/7. Prime Minister of India Shri. #NarendraModi Ji Every Indian Must Follow !! #NaMo \n@Narendramodi\n #BJP #NarendraModi Army ! "},{"name":"My First Vote For Modi","id":"@myfirstvote2019","id_link":"https://twitter.com/myfirstvote2019","profile_pic_link":"https://pbs.twimg.com/profile_images/1105065664384036865/pXjkkIep_normal.jpg","description":"Offical Twitter Handle Of My First Vote For Modi 2019"},{"name":"Team Modi Tamilnadu | மோடி அணி","id":"@TeamModiTN","id_link":"https://twitter.com/TeamModiTN","profile_pic_link":"https://pbs.twimg.com/profile_images/1095306658450878464/TZk4Uj-8_normal.jpg","description":"Official Twitter Page of Team Modi Tamilnadu. #TeamModi #TeamModiTN"},{"name":"Dr Vikas kumar Modi","id":"@vikaskumarmodi","id_link":"https://twitter.com/vikaskumarmodi","profile_pic_link":"https://pbs.twimg.com/profile_images/1594622421440466944/qIgGcPsX_normal.jpg","description":"CHAIRMAN - Goods Carrying Cargo Pvt Ltd / SENSE ENTERTAINMENTS Pvt Ltd - Production House, Bollywood key Producers, Label Records"},{"name":"Dilip Modi","id":"@IamDilipModi","id_link":"https://twitter.com/IamDilipModi","profile_pic_link":"https://pbs.twimg.com/profile_images/1554714137720025091/ZMu3-jId_normal.jpg","description":"Chairman - DiGiSPICE Technologies and Founder - Spice Money Empowering businesses and consumers through digital technologies"},{"name":"Samir Modi","id":"@samirmodi","id_link":"https://twitter.com/samirmodi","profile_pic_link":"https://pbs.twimg.com/profile_images/1605772460183298048/Ae9NqlcJ_normal.jpg","description":"Make-up, Gadget Buff, Innovator, creator of Soch Badlo movement, creative and out of the box thinker. believes in ‘Soch Badlo, Duniya Badlo, Khudhko Badlo’."},{"name":"Fulani Bororo Almajiri Modi","id":"@modiabba","id_link":"https://twitter.com/modiabba","profile_pic_link":"https://pbs.twimg.com/profile_images/1506376590808256516/MiRutixk_normal.jpg","description":"Do not judge me till you know me. Don't talk about me until you have talked to me. Don't underestimate me until you challenge me. #Abusite"},{"name":"Modi-fied Indian","id":"@ROFL_India","id_link":"https://twitter.com/ROFL_India","profile_pic_link":"https://pbs.twimg.com/profile_images/1187436855836364800/7hZ1YQf7_normal.jpg","description":"Sadist, Entertainer, Genius, Billionaire, Philanthropist…"},{"name":"પત્રકાર તેજશ મોદી Journalist Tejash Modi","id":"@TejashModiLive","id_link":"https://twitter.com/TejashModiLive","profile_pic_link":"https://pbs.twimg.com/profile_images/1474294674227560449/U0LHn-ff_normal.jpg","description":"#LoveUTejal #MissUTejal;Born 4 & Die with #Journalism; Owner of \n@goojjoos\n work with \n@DDNewsGujarati\n \n@Zee24Kalak\n \n@PTI_News\n; \n@OfficeOfTejash\n T&R/T not endorseme"},{"name":"I Am Modi ","id":"@Chanakya_Neethi","id_link":"https://twitter.com/Chanakya_Neethi","profile_pic_link":"https://pbs.twimg.com/profile_images/1559391621484908544/o-2KF0sI_normal.jpg","description":"Likes and RT aren't Endorsements. Chathrapathi Shiv Modi Bhakth. Sena for Akand Bharath. All Hindu Right to express is the last Right to be used in Twitter"},{"name":"Deepak Modi","id":"@DeepakNModi","id_link":"https://twitter.com/DeepakNModi","profile_pic_link":"https://pbs.twimg.com/profile_images/1607250483063947267/V9QuaIA-_normal.jpg","description":"Developmental biologist, embryo implantation, placentation and sex determination \n@TEdx\n speaker \n@FIRbees\n \n@icmrnirrh\n #InHoxWeTrust "},{"name":"Ramesh Modi","id":"@RameshPModi","id_link":"https://twitter.com/RameshPModi","profile_pic_link":"https://pbs.twimg.com/profile_images/1456907527044489222/jREYg-0a_normal.jpg","description":"Consulting Editor at \n@bollybubble\n. Views are Personal."},{"name":"beeeeerrrrr","id":"@Modi3pointO","id_link":"https://twitter.com/Modi3pointO","profile_pic_link":"https://pbs.twimg.com/profile_images/1554843740841611265/3KBewbsi_normal.jpg","description":"|Tax Payer|Proud Hindu|Modi Bhakt|ಕನ್ನಡಿಗ| blocked by \n@bdutt\n, \n@Sanjukta\n, \n@bainjal\n, Nagma Ria,KRK,\n@mehtahansal\n \n@nidhi\n \n@rohini_sgh\n \n@lambaalka"},{"name":"Followed by Narendra Modi","id":"@arvindpalla","id_link":"https://twitter.com/arvindpalla","profile_pic_link":"https://pbs.twimg.com/profile_images/1373674186447581187/6F-VLqPX_normal.jpg","description":"Indian,Founder-ReyconBuildTech PVTLTD.Honoured to be Followed By Honourable PM of IndiaShri Modi JiFan of \n@Sachin_rt\n \n@narendraModi\n \n@pawankalyan"},{"name":"Followed by Narendra Modi","id":"@vinirish","id_link":"https://twitter.com/vinirish","profile_pic_link":"https://pbs.twimg.com/profile_images/1554394756360589312/H2RoMrrL_normal.jpg","description":"housewife, writer, unconditional supporter of MODI as PM,Modi \n@400\n in 2024 - I voted him and will let him govern without advising"}]