{"Name":"Lottie M. Ortiz","firstName":"Lottie","lastName":"Ortiz","Address":"1156 Lake Road\nAtlantic City, NJ 08401","MotherMaidenName":"Billingsley","SSN":"136-82-XXXX","geoPoints":"39.337029, -74.358347","PhoneNumber":"609-345-5256","Birthday":"August 13, 1942","Age":"80 years old","Zodiac":"Leo","Email":"LottieMOrtiz@dayrep.com","Username":"Thermand42","Password":"um2Yi4eiW","BrowserAgent":"Mozilla/5.0 (Macintosh; Intel Mac OS X 10.14; rv:66.0) Gecko/20100101 Firefox/66.0","DEBITCARD":"5154 9539 7396 8582","cardExpiry":"7/2025","CVV":"724","Occupation":"Criminal lawyer","Height":"5' 7\" (169 centimeters)","Weight":"114.4 pounds (52.0 kilograms)","BloodType":"O+","Vehicle":"1996 Suzuki Baleno","GUID":"64d901b1-fd9b-4e6f-ad92-fe65ce7e7035"}