[
    {
        "subreddit": "r/JustUnsubbed",
        "user": "u/RadGuy_Studios",
        "title": "Just unsubbed from r/gamingcirclejerk for callomg pewdiepie a racist for something he did like a millenia ago",
        "upvotes": "380",
        "comments": "213",
        "awards": "0"
    },
    {
        "subreddit": "r/LivestreamFail",
        "user": "u/Flazhbang",
        "title": "Pewdiepie went downhill in his late 20's",
        "upvotes": "1.8k",
        "comments": "100",
        "awards": "0"
    },
    {
        "subreddit": "r/ksi",
        "user": "u/newtonator22",
        "title": "KSI vs Pewdiepie January 2023???",
        "upvotes": "7.1k",
        "comments": "216",
        "awards": "9"
    },
    {
        "subreddit": "r/AteTheOnion",
        "user": "u/bitcoinz2",
        "title": "That damn PewDiePie is always up to something!!",
        "upvotes": "3.3k",
        "comments": "64",
        "awards": "0"
    },
    {
        "subreddit": "r/memes",
        "user": "u/reee4",
        "title": "Pewdiepie's dog has sadly passed away",
        "upvotes": "1.2k",
        "comments": "88",
        "awards": "0"
    },
    {
        "subreddit": "r/BanVideoGames",
        "user": "u/deftlyfissure58",
        "title": "G*mers like PewDiePie kick and threaten dogs with guns. Don't be a g*mer.",
        "upvotes": "1.6k",
        "comments": "53",
        "awards": "0"
    },
    {
        "subreddit": "r/iamveryrandom",
        "user": "u/amatoryinflow94",
        "title": "Found in the Pewdiepie subreddit, I'm very disappointed.",
        "upvotes": "1.3k",
        "comments": "30",
        "awards": "0"
    },
    {
        "subreddit": "r/PewdiepieSubmissions",
        "user": "u/Beefyboy05",
        "title": "Growing into my PewDiePie hoodie across the years",
        "upvotes": "9.4k",
        "comments": "245",
        "awards": "9"
    },
    {
        "subreddit": "r/Shark_Park",
        "user": "u/I_Follow_Shark_Ladys",
        "title": "What did pewdiepie mean by this...",
        "upvotes": "1.3k",
        "comments": "34",
        "awards": "0"
    },
    {
        "subreddit": "r/okbuddybaka",
        "user": "u/samuelhiew",
        "title": "pewdiepie moment",
        "upvotes": "4.3k",
        "comments": "57",
        "awards": "0"
    },
    {
        "subreddit": "r/forsen",
        "user": "u/Necroniks_",
        "title": "The timeline if PewDiePie didn't cross the bridge",
        "upvotes": "511",
        "comments": "36",
        "awards": "0"
    },
    {
        "subreddit": "r/okbuddychicanery",
        "user": "u/Catwinky",
        "title": "Realizing u/waltuh77 left us a sarcastic apology he ripped off from PewDiePie and outchicanered us all",
        "upvotes": "6.3k",
        "comments": "163",
        "awards": "0"
    },
    {
        "subreddit": "r/okbuddychicanery",
        "user": "u/somethingtaco",
        "title": "Pewdiepie PUBG Livestream - Post Episode Discussion - S02E12 \u201cThe Bridge\u201d",
        "upvotes": "2.9k",
        "comments": "115",
        "awards": "0"
    },
    {
        "subreddit": "r/forsen",
        "user": "u/wcrow1",
        "title": "when pewdiepie played dark souls 2 he joined the champions covenant without knowing it makes the game harder, and in ds1 he casually did a speedrun trick which then got renamed as \"the pewdiepie skip\"",
        "upvotes": "508",
        "comments": "51",
        "awards": "0"
    },
    {
        "subreddit": "r/PewdiepieSubmissions",
        "user": "u/LLIIMM",
        "title": "Since Pewdiepie lives in Japan I think he'd really appreciate this cartoon I made! \"Finally going to Japan after 2 years of Studying Japanese\"",
        "upvotes": "2.7k",
        "comments": "42",
        "awards": "5"
    },
    {
        "subreddit": "r/ksi",
        "user": "u/thicksnicksinnu",
        "title": "PewDiePie challenges KSI to fight in 2025!!",
        "upvotes": "5.7k",
        "comments": "38",
        "awards": "2"
    },
    {
        "subreddit": "r/balisong",
        "user": "u/Clear-Perception-186",
        "title": "To all the PewDiePie haters in this community",
        "upvotes": "395",
        "comments": "36",
        "awards": "0"
    },
    {
        "subreddit": "",
        "user": "",
        "title": "",
        "upvotes": "",
        "comments": "",
        "awards": ""
    },
    {
        "subreddit": "r/pyrocynical",
        "user": "u/westernunitedenjoyer",
        "title": "Just found this on an old pewdiepie video",
        "upvotes": "3.2k",
        "comments": "32",
        "awards": "0"
    },
    {
        "subreddit": "r/PewdiepieSubmissions",
        "user": "u/ninjajou10",
        "title": "Day 652 Of doing daily Quests In Pewdiepie Tuber Simulator",
        "upvotes": "392",
        "comments": "23",
        "awards": "0"
    },
    {
        "subreddit": "r/PewdiepieSubmissions",
        "user": "u/ninjajou10",
        "title": "Day 653 Of doing daily Quests In Pewdiepie Tuber Simulator",
        "upvotes": "278",
        "comments": "29",
        "awards": "0"
    },
    {
        "subreddit": "r/PewdiepieSubmissions",
        "user": "u/DiogenesYT",
        "title": "History of Pewdiepie&Felix 2011-2021",
        "upvotes": "4.8k",
        "comments": "30",
        "awards": "7"
    },
    {
        "subreddit": "r/ksi",
        "user": "u/Unfair-Net5158",
        "title": "Can we get another KSI x PewDiePie collab?",
        "upvotes": "1.0k",
        "comments": "31",
        "awards": "0"
    },
    {
        "subreddit": "r/agedlikewine",
        "user": "u/SamiTheAnxiousBean",
        "title": "The original video was reffering to how he now had the same 2016 gold playbutton design as the 2 creators.However Jack is now in possession of both MrBeast's and Pewdiepie's 100 million subscriber awards",
        "upvotes": "932",
        "comments": "81",
        "awards": "0"
    },
    {
        "subreddit": "r/TheDeprogram",
        "user": "u/baphy1",
        "title": "Pewdiepie in yugopniks video",
        "upvotes": "52",
        "comments": "37",
        "awards": "0"
    }
]